Day,Start date,End date,Start time,End time,Duration,Location,Address No.,Vehicle,Latitude,Longitude,Odometer,Driver
Fri 7/1/22,1656627300000,1656685080000,54900000,26280000,57780000,"DHarris Tours, 2207 Vista Del Rio St, Vallejo 94525, US",001,2802  - 2802,38053539,-122240667,9300,
Fri 7/1/22,1656636060000,1656686280000,63660000,27480000,50220000,"DHarris Tours, 2207 Vista Del Rio St, Vallejo 94525, US",001,3501  - 3501,38052987,-122240324,8839,
Fri 7/1/22,1656635100000,1656687720000,62700000,28920000,52620000,"155 Utah Ave, South San Francisco CA 94080, US",,3602 - 3602,37646255,-122401566,4552,
Fri 7/1/22,1656635580000,1656688380000,63180000,29580000,52800000,"DHarris Tours, 2207 Vista Del Rio St, Vallejo 94525, US",001,4402  - 4402,38053127,-122240170,8826,
Fri 7/1/22,1656687780000,1656688440000,28980000,29640000,660000,"512 Cayuga Ave, San Francisco CA 94112, US",,2802  - 2802,37729225,-122435393,9331,
Fri 7/1/22,1656622380000,1656688440000,49980000,29640000,66120000,"DHarris Tours, 2207 Vista Del Rio St, Vallejo 94525, US",001,3801  - 3801,38052989,-122240124,7826,
Fri 7/1/22,1656637140000,1656689040000,64740000,30240000,51960000,"DHarris Tours, 2207 Vista Del Rio St, Vallejo 94525, US",001,3601  - 3601,38053493,-122240557,8750,
Fri 7/1/22,1656688800000,1656689520000,30000000,30720000,720000,"1110 Alemany Blvd, San Francisco CA 94112, US",,3602 - 3602,37731072,-122429894,4560,
Fri 7/1/22,1656688620000,1656689760000,29820000,30960000,1140000,"1118 Alemany Blvd, San Francisco CA 94112, US",,2802  - 2802,37731059,-122430037,9331,
Fri 7/1/22,1656690060000,1656690480000,31260000,31680000,420000,"244 Foerster St, San Francisco CA 94112, US",,2802  - 2802,37730252,-122448839,9332,
Fri 7/1/22,1656189420000,1656690660000,49020000,31860000,501180000,"DHarris Tours, 2207 Vista Del Rio St, Vallejo 94525, US",001,2302  - 2302,38053455,-122240672,3296,
Fri 7/1/22,1656690480000,1656693600000,31680000,34800000,3120000,"449 Hearst Ave, San Francisco CA 94112, US",,2802  - 2802,37730674,-122447714,9332,
Fri 7/1/22,1656689040000,1656693600000,30240000,34800000,4620000,"437 Hearst Ave, San Francisco CA 94112, US",,3501  - 3501,37730652,-122447444,8871,
Fri 7/1/22,1656690240000,1656694980000,31440000,36180000,4740000,"3527 22nd St, San Francisco CA 94114, US",,3602 - 3602,37754974,-122426143,4563,
Fri 7/1/22,1656693240000,1656694980000,34440000,36180000,1740000,"3522 22nd St, San Francisco CA 94114, US",,2302  - 2302,37755022,-122426036,3325,
Fri 7/1/22,1656691140000,1656695040000,32340000,36240000,3900000,"636 Douglass St, San Francisco CA 94114, US",,4402  - 4402,37753628,-122438753,8826,
Fri 7/1/22,1656691740000,1656695040000,32940000,36240000,3300000,"637 Douglass St, San Francisco CA 94114, US",,3601  - 3601,37753641,-122438717,8781,
Fri 7/1/22,1656691260000,1656695040000,32460000,36240000,3840000,"638 Douglass St, San Francisco CA 94114, US",,3801  - 3801,37753612,-122438757,7855,
Fri 7/1/22,1656697620000,1656698040000,38820000,39240000,420000,"189 Montgomery St, San Francisco CA 94129, US",,3602 - 3602,37798824,-122460222,4571,
Fri 7/1/22,1656698040000,1656698460000,39240000,39660000,480000,"Cull Canyon Rd, Castro Valley CA 94552, US",,3601  - 3601,37710739,-122055497,8811,
Fri 7/1/22,1656698040000,1656698460000,39240000,39660000,480000,"Cull Canyon Rd, Castro Valley CA 94552, US",,3801  - 3801,37710080,-122055228,7885,
Fri 7/1/22,1656698160000,1656698700000,39360000,39900000,540000,"Anza St, San Francisco CA 94129, US",,3602 - 3602,37801385,-122457215,4571,
Fri 7/1/22,1656697980000,1656699060000,39180000,40260000,1080000,"Cull Canyon Rd, Castro Valley CA 94552, US",,4402  - 4402,37710545,-122055438,8829,
Fri 7/1/22,1656644940000,1656700260000,72540000,41460000,55320000,"Aladdin Ave, San Leandro CA 94577, US",,4001  - 4001,37706732,-122157095,3687,
Fri 7/1/22,1656696480000,1656700440000,37680000,41640000,3960000,"497 Humboldt Ave, Sausalito CA 94965, US",,2802  - 2802,37857352,-122479949,9346,
Fri 7/1/22,1656700980000,1656701640000,42180000,42840000,600000,"Walkway Rd, Sausalito CA 94965, US",,2802  - 2802,37835527,-122477172,9349,
Fri 7/1/22,1656699240000,1656703740000,40440000,44940000,4500000,"3719 Geary Blvd, San Francisco CA 94118, US",,3602 - 3602,37781147,-122459104,4573,
Fri 7/1/22,1656695760000,1656706560000,36960000,47760000,10860000,"Sommerville Rd, Sausalito CA 94965, US",,3501  - 3501,37834266,-122475940,8881,
Fri 7/1/22,1656701760000,1656706620000,42960000,47820000,4860000,"Sommerville Rd, Sausalito CA 94965, US",,2802  - 2802,37834254,-122476004,9349,
Fri 7/1/22,1656706680000,1656707700000,47880000,48900000,1020000,"New Breitung Rd, Sausalito CA 94965, US",,3501  - 3501,37835365,-122477414,8882,
Fri 7/1/22,1656706680000,1656707700000,47880000,48900000,1020000,"657 Center Rd, Sausalito CA 94965, US",,2802  - 2802,37835471,-122477349,9349,
Fri 7/1/22,1656700260000,1656708180000,41460000,49380000,7920000,"22119 Arbor Ave, Hayward CA 94541, US",,4402  - 4402,37666768,-122107005,8838,
Fri 7/1/22,1656698520000,1656709320000,39720000,50520000,10800000,"18785 Cull Canyon Rd, Castro Valley CA 94552, US",,3801  - 3801,37710464,-122054979,7886,
Fri 7/1/22,1656698520000,1656709380000,39720000,50580000,10800000,"18791 Cull Canyon Rd, Castro Valley CA 94552, US",,3601  - 3601,37710375,-122054951,8811,
Fri 7/1/22,1656697020000,1656709440000,38220000,50640000,12360000,"653 Crissy Field Ave, San Francisco CA 94129, US",,2302  - 2302,37803629,-122467875,3331,
Fri 7/1/22,1656704580000,1656709440000,45780000,50640000,4860000,"Crissy Field Ave, San Francisco CA 94129, US",,3602 - 3602,37803766,-122467992,4576,
Fri 7/1/22,1656709380000,1656709860000,50580000,51060000,540000,"Cull Canyon Rd, Castro Valley CA 94552, US",,3801  - 3801,37710054,-122055266,7886,
Fri 7/1/22,1656709380000,1656709860000,50580000,51060000,480000,"Cull Canyon Rd, Castro Valley CA 94552, US",,4402  - 4402,37710134,-122055250,8845,
Fri 7/1/22,1656709440000,1656709860000,50640000,51060000,480000,"Cull Canyon Rd, Castro Valley CA 94552, US",,3601  - 3601,37710260,-122055371,8811,
Fri 7/1/22,1656709500000,1656710100000,50700000,51300000,600000,"926 Mason St, San Francisco CA 94129, US",,3602 - 3602,37804758,-122468664,4576,
Fri 7/1/22,1656709500000,1656710160000,50700000,51360000,660000,"926 Mason St, San Francisco CA 94129, US",,2302  - 2302,37804806,-122468541,3331,
Fri 7/1/22,1656712740000,1656713160000,53940000,54360000,360000,"4181 22nd St, San Francisco CA 94114, US",,3601  - 3601,37754215,-122438571,8842,
Fri 7/1/22,1656714660000,1656715380000,55860000,56580000,660000,"24, Hercules CA 94547, US",,3501  - 3501,38021717,-122262244,8921,
Fri 7/1/22,1656716880000,1656717720000,58080000,58920000,780000,"407 Parker Ave, Rodeo CA 94572, US",,2302  - 2302,38032748,-122266814,3364,
Fri 7/1/22,1656716940000,1656717720000,58140000,58920000,840000,"401 Parker Ave, Rodeo CA 94572, US",,3602 - 3602,38032786,-122266702,4609,
Sat 7/2/22,1656718020000,1656785640000,59220000,40440000,67620000,"DHarris Tours, 2207 Vista Del Rio St, Vallejo 94525, US",001,2302  - 2302,38053383,-122240883,3367,
Tue 7/5/22,1656715740000,1657028340000,56940000,23940000,312600000,"DHarris Tours, 2207 Vista Del Rio St, Vallejo 94525, US",001,3501  - 3501,38053000,-122240372,8924,
Tue 7/5/22,1657028400000,1657029120000,24000000,24720000,720000,"DHarris Tours, 2207 Vista Del Rio St, Vallejo 94525, US",001,3501  - 3501,38053278,-122240249,8924,
Tue 7/5/22,1656718080000,1657029120000,59280000,24720000,311040000,"DHarris Tours, 2207 Vista Del Rio St, Vallejo 94525, US",001,3601  - 3601,38053520,-122240619,8871,
Tue 7/5/22,1657029360000,1657029960000,24960000,25560000,600000,"386 Parker Ave, Rodeo CA 94572, US",,3501  - 3501,38033048,-122267171,8927,
Tue 7/5/22,1657029360000,1657029960000,24960000,25560000,600000,"372 Parker Ave, Rodeo CA 94572, US",,3601  - 3601,38033188,-122267149,8873,
Tue 7/5/22,1657033020000,1657035840000,28620000,31440000,2820000,"Geneva Ave, San Francisco CA 94134, US",,3601  - 3601,37707936,-122422290,8904,
Tue 7/5/22,1657035900000,1657037040000,31500000,32640000,1140000,"Carter St, Daly City CA 94014, US",,3601  - 3601,37707574,-122422404,8904,
Tue 7/5/22,1657033020000,1657037100000,28620000,32700000,4080000,"Geneva Ave, San Francisco CA 94134, US",,3501  - 3501,37707933,-122422186,8958,
Tue 7/5/22,1656620340000,1657042620000,47940000,38220000,422220000,"DHarris Tours, 2207 Vista Del Rio St, Vallejo 94525, US",001,2503  - 2503,38053134,-122240293,4475,
Tue 7/5/22,1657044600000,1657045320000,40200000,40920000,720000,"Santana Dr, Cloverdale CA 95425, US",,3501  - 3501,38783821,-123011831,9053,
Tue 7/5/22,1657045620000,1657046100000,41220000,41700000,480000,"308 S Foothill Blvd, Cloverdale CA 95425, US",,3501  - 3501,38798753,-123024867,9055,
Tue 7/5/22,1657044000000,1657046100000,39600000,41700000,2100000,"310 S Foothill Blvd, Cloverdale CA 95425, US",,3601  - 3601,38798590,-123024820,8997,
Tue 7/5/22,1657050720000,1657051080000,46320000,46680000,420000,"23142 Highway 20, Willits CA 95490, US",,3501  - 3501,39385770,-123471190,9115,
Tue 7/5/22,1657050720000,1657051080000,46320000,46680000,360000,"23138 Highway 20, Willits CA 95490, US",,3601  - 3601,39385866,-123470969,9057,
Tue 7/5/22,1657053120000,1657053600000,48720000,49200000,480000,"W Chamberlain Rd, Comptche CA 95427, US",,3501  - 3501,39400017,-123576539,9126,
Tue 7/5/22,1657053120000,1657053600000,48720000,49200000,480000,"W Chamberlain Rd, Fort Bragg CA 95427, US",,3601  - 3601,39399678,-123577222,9069,
Tue 7/5/22,1656701280000,1657053900000,42480000,49500000,352620000,"Teagarden St, San Leandro CA 94577, US",,4001  - 4001,37706613,-122157277,3696,
Tue 7/5/22,1657054380000,1657056720000,49980000,52320000,2340000,"Fort Bragg CA 95437, US",,3501  - 3501,39425914,-123574058,9129,
Tue 7/5/22,1657054380000,1657056720000,49980000,52320000,2340000,"Fort Bragg CA 95437, US",,3601  - 3601,39425928,-123574196,9072,
Tue 7/5/22,1656711240000,1657058160000,52440000,53760000,346920000,"155 Utah Ave, South San Francisco CA 94080, US",,2802  - 2802,37646193,-122401718,9369,
Tue 7/5/22,1657058280000,1657059120000,53880000,54720000,840000,"Harbor Way, South San Francisco CA 94080, US",,2802  - 2802,37653464,-122400590,9370,
Tue 7/5/22,1657059180000,1657059600000,54780000,55200000,420000,"23566 Highway 20, Willits CA 95490, US",,3501  - 3501,39374360,-123495240,9142,
Tue 7/5/22,1657059180000,1657059600000,54780000,55200000,420000,"23571 Highway 20, Willits CA 95490, US",,3601  - 3601,39374113,-123495161,9084,
Tue 7/5/22,1657064400000,1657066380000,60000000,61980000,1980000,"308 S Foothill Blvd, Cloverdale CA 95425, US",,3601  - 3601,38798721,-123024856,9146,
Tue 7/5/22,1657064400000,1657066380000,60000000,61980000,1980000,"308 S Foothill Blvd, Cloverdale CA 95425, US",,3501  - 3501,38798864,-123024891,9203,
Tue 7/5/22,1657073160000,1657073760000,68760000,69360000,600000,"Geneva Ave, San Francisco CA 94134, US",,3501  - 3501,37707656,-122421585,9296,
Tue 7/5/22,1657073160000,1657073760000,68760000,69360000,600000,"Geneva Ave, San Francisco CA 94134, US",,3601  - 3601,37707318,-122421732,9239,
Wed 7/6/22,1657076160000,1657117380000,71760000,26580000,41160000,"DHarris Tours, 2207 Vista Del Rio St, Vallejo 94525, US",001,3501  - 3501,38053089,-122240338,9329,
Wed 7/6/22,1657117740000,1657118460000,26940000,27660000,720000,"407 Parker Ave, Rodeo CA 94572, US",,3501  - 3501,38032676,-122266863,9332,
Wed 7/6/22,1656717780000,1657118820000,58980000,28020000,401040000,"DHarris Tours, 2207 Vista Del Rio St, Vallejo 94525, US",001,4402  - 4402,38053164,-122240274,8846,
Wed 7/6/22,1657063440000,1657119840000,59040000,29040000,56340000,"DHarris Tours, 2207 Vista Del Rio St, Vallejo 94525, US",001,2802  - 2802,38053542,-122240595,9406,
Wed 7/6/22,1657043760000,1657123260000,39360000,32460000,79500000,"360 W Channel Rd, Benicia CA 94510, US",,2503  - 2503,38084621,-122140065,4487,
Wed 7/6/22,1657122120000,1657125420000,31320000,34620000,3300000,"583 61st St, Oakland CA 94609, US",,2802  - 2802,37847093,-122264916,9428,
Wed 7/6/22,1657121520000,1657125420000,30720000,34620000,3900000,"1019 39th Ave, Oakland CA 94601, US",,3501  - 3501,37772829,-122220292,9356,
Wed 7/6/22,1657126080000,1657126560000,35280000,35760000,480000,"709 29th St, Oakland CA 94609, US",,2802  - 2802,37818911,-122272637,9431,
Wed 7/6/22,1657126980000,1657129680000,36180000,38880000,2700000,"4436 Telegraph Ave, Oakland CA 94609, US",,2802  - 2802,37832664,-122263406,9432,
Wed 7/6/22,1657057020000,1657129980000,52620000,39180000,72960000,"Utah Ave, South San Francisco CA 94080, US",,4001  - 4001,37646598,-122401637,3726,
Wed 7/6/22,1656717840000,1657131480000,59040000,40680000,413640000,"DHarris Tours, 2207 Vista Del Rio St, Vallejo 94525, US",001,3801  - 3801,38052975,-122240119,7946,
Wed 7/6/22,1657076220000,1657131600000,71820000,40800000,55380000,"DHarris Tours, 2207 Vista Del Rio St, Vallejo 94525, US",001,3601  - 3601,38053105,-122240140,9272,
Wed 7/6/22,1657130940000,1657132140000,40140000,41340000,1140000,"1611 University Ave, Berkeley CA 94703, US",,2802  - 2802,37870870,-122279395,9436,
Wed 7/6/22,1657133460000,1657134780000,42660000,43980000,1320000,"Hemme Ave, Alamo CA 94507, US",,3801  - 3801,37840405,-122028008,7970,
Wed 7/6/22,1657133460000,1657134780000,42660000,43980000,1320000,"Hemme Ave, Alamo CA 94507, US",,3601  - 3601,37840408,-122027857,9296,
Wed 7/6/22,1657132620000,1657134840000,41820000,44040000,2220000,"Hemme Ave, Alamo CA 94507, US",,4001  - 4001,37840374,-122027936,3764,
Wed 7/6/22,1657135920000,1657136880000,45120000,46080000,960000,"Broadmoor Dr, San Ramon CA 94583, US",,3801  - 3801,37748257,-121947142,7981,
Wed 7/6/22,1657135980000,1657136880000,45180000,46080000,960000,"Broadmoor Dr, San Ramon CA 94583, US",,3601  - 3601,37748221,-121947270,9307,
Wed 7/6/22,1657135980000,1657136940000,45180000,46140000,960000,"Broadmoor Dr, San Ramon CA 94583, US",,4001  - 4001,37748204,-121947450,3775,
Wed 7/6/22,1657133100000,1657137960000,42300000,47160000,4860000,"711 29th St, Oakland CA 94609, US",,2802  - 2802,37818931,-122272650,9443,
Wed 7/6/22,1657127520000,1657138740000,36720000,47940000,11220000,"991 Bayfair Dr, San Leandro CA 94578, US",,3501  - 3501,37700725,-122123837,9370,
Wed 7/6/22,1657139280000,1657139940000,48480000,49140000,660000,"17925 Lake Chabot Rd, Castro Valley CA 94546, US",,3501  - 3501,37713699,-122100139,9373,
Wed 7/6/22,1657140060000,1657140780000,49260000,49980000,720000,"East Shore Trl, Castro Valley CA 94546, US",,3501  - 3501,37716197,-122103543,9373,
Wed 7/6/22,1657137060000,1657141620000,46260000,50820000,4560000,"9910 Broadmoor Dr, San Ramon CA 94583, US",,3801  - 3801,37747905,-121947487,7981,
Wed 7/6/22,1657137060000,1657141620000,46260000,50820000,4560000,"9908 Broadmoor Dr, San Ramon CA 94583, US",,3601  - 3601,37747827,-121947380,9307,
Wed 7/6/22,1657137120000,1657141620000,46320000,50820000,4500000,"9906 Broadmoor Dr, San Ramon CA 94583, US",,4001  - 4001,37747674,-121947503,3775,
Wed 7/6/22,1657142220000,1657142580000,51420000,51780000,360000,"1017 39th Ave, Oakland CA 94601, US",,3501  - 3501,37772682,-122220434,9385,
Wed 7/6/22,1657142760000,1657143360000,51960000,52560000,540000,"Hemme Ave, Alamo CA 94507, US",,4001  - 4001,37840429,-122027964,3785,
Wed 7/6/22,1657142820000,1657143360000,52020000,52560000,540000,"Hemme Ave, Alamo CA 94507, US",,3801  - 3801,37840478,-122027768,7992,
Wed 7/6/22,1657142820000,1657143360000,52020000,52560000,540000,"178 Hemme Ave, Alamo CA 94507, US",,3601  - 3601,37840465,-122027678,9318,
Wed 7/6/22,1657123320000,1657143780000,32520000,52980000,20460000,"356 W Channel Rd, Benicia CA 94510, US",,2503  - 2503,38084485,-122140039,4487,
Wed 7/6/22,1657145640000,1657146360000,54840000,55560000,720000,"407 Parker Ave, Rodeo CA 94572, US",,3601  - 3601,38032691,-122266779,9344,
Wed 7/6/22,1657145700000,1657146360000,54900000,55560000,660000,"407 Parker Ave, Rodeo CA 94572, US",,3801  - 3801,38032689,-122266816,8020,
Wed 7/6/22,1657145760000,1657147020000,54960000,56220000,1260000,"374 Harkness Ave, San Francisco CA 94134, US",,4001  - 4001,37717797,-122404483,3817,
Wed 7/6/22,1657147920000,1657149480000,57120000,58680000,1560000,"Utah Ave, South San Francisco CA 94080, US",,4001  - 4001,37646619,-122401610,3824,
Wed 7/6/22,1657149600000,1657150620000,58800000,59820000,1020000,"Gateway Blvd, South San Francisco CA 94080, US",,4001  - 4001,37651933,-122401765,3825,
Thu 7/7/22,1656718020000,1657225560000,59220000,48360000,507540000,"DHarris Tours, 2207 Vista Del Rio St, Vallejo 94525, US",001,3602 - 3602,38053414,-122240875,4611,
Thu 7/7/22,1657120020000,1657229340000,29220000,52140000,109320000,"354 W Channel Rd, Benicia CA 94510, US",,4402  - 4402,38084390,-122139929,8846,
Thu 7/7/22,1657143840000,1657234680000,53040000,57480000,90840000,"358 W Channel Rd, Benicia CA 94510, US",,2503  - 2503,38084562,-122139964,4488,
Thu 7/7/22,1657140660000,1657252320000,49860000,75120000,111660000,"DHarris Tours, 2207 Vista Del Rio St, Vallejo 94525, US",001,2802  - 2802,38053776,-122241017,9467,
Fri 7/8/22,1657230600000,1657287600000,53400000,24000000,56940000,"DHarris Tours, 2207 Vista Del Rio St, Vallejo 94525, US",001,4402  - 4402,38053146,-122240135,8858,
Fri 7/8/22,1657287900000,1657288380000,24300000,24780000,480000,"401 Parker Ave, Rodeo CA 94572, US",,4402  - 4402,38032659,-122266825,8859,
Fri 7/8/22,1657144740000,1657294680000,53940000,31080000,149940000,"DHarris Tours, 2207 Vista Del Rio St, Vallejo 94525, US",001,3501  - 3501,38053808,-122241001,9411,
Fri 7/8/22,1657146840000,1657295700000,56040000,32100000,148860000,"DHarris Tours, 2207 Vista Del Rio St, Vallejo 94525, US",001,3801  - 3801,38053111,-122240157,8023,
Fri 7/8/22,1657146780000,1657297080000,55980000,33480000,150300000,"DHarris Tours, 2207 Vista Del Rio St, Vallejo 94525, US",001,3601  - 3601,38052743,-122240007,9347,
Fri 7/8/22,1657289520000,1657297560000,25920000,33960000,8040000,"1381 Fifth St, Berkeley CA 94710, US",,4402  - 4402,37877771,-122302010,8865,
Fri 7/8/22,1657150980000,1657298700000,60180000,35100000,147720000,"Utah Ave, South San Francisco CA 94080, US",,4001  - 4001,37646567,-122401630,3826,
Fri 7/8/22,1657298220000,1657300080000,34620000,36480000,1920000,"1026 McAllister St, San Francisco CA 94115, US",,3801  - 3801,37779004,-122428942,8051,
Fri 7/8/22,1657299360000,1657300380000,35760000,36780000,1020000,"268 Foerster St, San Francisco CA 94112, US",,4402  - 4402,37730465,-122448873,8881,
Fri 7/8/22,1657297200000,1657300440000,33600000,36840000,3240000,"441 Hearst Ave, San Francisco CA 94112, US",,3501  - 3501,37730660,-122447533,9442,
Fri 7/8/22,1657300740000,1657301820000,37140000,38220000,1080000,"3527 22nd St, San Francisco CA 94114, US",,3601  - 3601,37754971,-122426123,9377,
Fri 7/8/22,1657299840000,1657301820000,36240000,38220000,1980000,"3491 22nd St, San Francisco CA 94110, US",,4001  - 4001,37755021,-122425229,3836,
Fri 7/8/22,1657303140000,1657303440000,39540000,39840000,360000,"Cull Canyon Rd, Castro Valley CA 94552, US",,4402  - 4402,37710222,-122055266,8915,
Fri 7/8/22,1657303080000,1657303800000,39480000,40200000,720000,"Cull Canyon Rd, Castro Valley CA 94552, US",,3501  - 3501,37710083,-122055278,9476,
Fri 7/8/22,1657303560000,1657304520000,39960000,40920000,900000,"2258 Grant Ave, San Francisco CA 94133, US",,3601  - 3601,37807991,-122409068,9382,
Fri 7/8/22,1657303620000,1657304520000,40020000,40920000,900000,"The Embarcadero, San Francisco CA 94133, US",,4001  - 4001,37808262,-122409535,3841,
Fri 7/8/22,1657304460000,1657306380000,40860000,42780000,1920000,"3601 Castro Valley Blvd, Castro Valley CA 94546, US",,3501  - 3501,37695003,-122072235,9479,
Fri 7/8/22,1657306800000,1657311660000,43200000,48060000,4860000,"18819 Cull Canyon Rd, Castro Valley CA 94552, US",,3501  - 3501,37710012,-122054781,9481,
Fri 7/8/22,1657303620000,1657311660000,40020000,48060000,8040000,"18795 Cull Canyon Rd, Castro Valley CA 94552, US",,4402  - 4402,37710310,-122054990,8916,
Fri 7/8/22,1657311780000,1657312560000,48180000,48960000,780000,"Cull Canyon Rd, Castro Valley CA 94552, US",,3501  - 3501,37710045,-122055229,9481,
Fri 7/8/22,1657311780000,1657312560000,48180000,48960000,780000,"Cull Canyon Rd, Castro Valley CA 94552, US",,4402  - 4402,37710131,-122055270,8916,
Fri 7/8/22,1657305120000,1657313100000,41520000,49500000,7980000,"2448 Mason St, San Francisco CA 94133, US",,3601  - 3601,37806098,-122413638,9383,
Fri 7/8/22,1657313220000,1657314000000,49620000,50400000,780000,"348 Bay St, San Francisco CA 94133, US",,3601  - 3601,37805800,-122412794,9383,
Fri 7/8/22,1657305720000,1657314960000,42120000,51360000,9300000,"385 North Point St, San Francisco CA 94133, US",,4001  - 4001,37806587,-122413301,3843,
Fri 7/8/22,1657314060000,1657315140000,50460000,51540000,1080000,"317 North Point St, San Francisco CA 94133, US",,3601  - 3601,37806704,-122412359,9384,
Fri 7/8/22,1657315260000,1657315620000,51660000,52020000,360000,"464 Hearst Ave, San Francisco CA 94112, US",,3501  - 3501,37730710,-122448079,9514,
Fri 7/8/22,1657315200000,1657315800000,51600000,52200000,660000,"2263 Grant Ave, San Francisco CA 94133, US",,4001  - 4001,37808007,-122409106,3843,
Fri 7/8/22,1657315500000,1657315920000,51900000,52320000,420000,"The Embarcadero, San Francisco CA 94133, US",,3601  - 3601,37808384,-122409730,9384,
Fri 7/8/22,1657318200000,1657318980000,54600000,55380000,780000,"3523 22nd St, San Francisco CA 94114, US",,4001  - 4001,37754966,-122426030,3849,
Fri 7/8/22,1657318200000,1657318980000,54600000,55380000,780000,"3526 22nd St, San Francisco CA 94114, US",,3601  - 3601,37755013,-122426142,9389,
Fri 7/8/22,1657301940000,1657319760000,38340000,56160000,17820000,"Coastal Trl, Sausalito CA 94965, US",,3801  - 3801,37832366,-122539198,8062,
Fri 7/8/22,1657319280000,1657320000000,55680000,56400000,720000,"24, Hercules CA 94547, US",,3501  - 3501,38021727,-122262243,9543,
Fri 7/8/22,1657321920000,1657322580000,58320000,58980000,600000,"1026 McAllister St, San Francisco CA 94115, US",,3801  - 3801,37779040,-122428955,8073,
Fri 7/8/22,1657322640000,1657324620000,59040000,61020000,1980000,"Teagarden St, San Leandro CA 94577, US",,3601  - 3601,37706823,-122157873,9412,
Fri 7/8/22,1657327740000,1657328580000,64140000,64980000,840000,"153 Utah Ave, South San Francisco CA 94080, US",,3601  - 3601,37646196,-122401787,9443,
Sat 7/9/22,1657320420000,1657371180000,56820000,21180000,50760000,"DHarris Tours, 2207 Vista Del Rio St, Vallejo 94525, US",001,3501  - 3501,38053100,-122240339,9546,
Sat 7/9/22,1657372440000,1657372800000,22440000,22800000,360000,"639 S 15th St, Richmond CA 94804, US",,3501  - 3501,37923101,-122354872,9559,
Sat 7/9/22,1657374180000,1657376160000,24180000,26160000,1920000,"472 Mansell St, San Francisco CA 94134, US",,3501  - 3501,37720546,-122405493,9579,
Sat 7/9/22,1657378680000,1657383600000,28680000,33600000,4920000,"49 Byron Dr, Pleasant Hill CA 94523, US",,3501  - 3501,37937357,-122075679,9610,
Sat 7/9/22,1657326660000,1657385100000,63060000,35100000,58440000,"DHarris Tours, 2207 Vista Del Rio St, Vallejo 94525, US",001,3801  - 3801,38053058,-122240254,8102,
Sat 7/9/22,1657385880000,1657386300000,35880000,36300000,420000,"442 Mansell St, San Francisco CA 94134, US",,3501  - 3501,37720612,-122405374,9640,
Sat 7/9/22,1657393020000,1657395720000,43020000,45720000,2760000,"Willow Ave, Hercules CA 94547, US",,3801  - 3801,38021117,-122261673,8201,
Sat 7/9/22,1657396260000,1657398480000,46260000,48480000,2220000,"Sawmill Rd, Martinez CA 94553, US",,3801  - 3801,38013419,-122191093,8207,
Sat 7/9/22,1657252380000,1657433820000,75180000,83820000,181440000,"DHarris Tours, 2207 Vista Del Rio St, Vallejo 94525, US",001,2802  - 2802,38053485,-122240534,9467,
Mon 7/11/22,1657322580000,1657577340000,58980000,54540000,254760000,"Aladdin Ave, San Leandro CA 94577, US",,4001  - 4001,37707095,-122158094,3872,
Tue 7/12/22,1657235880000,1657633080000,58680000,23880000,397200000,"DHarris Tours, 2207 Vista Del Rio St, Vallejo 94525, US",001,2503  - 2503,38053332,-122241077,4500,
Tue 7/12/22,1657388520000,1657637640000,38520000,28440000,249120000,"DHarris Tours, 2207 Vista Del Rio St, Vallejo 94525, US",001,3501  - 3501,38053106,-122240315,9672,
Tue 7/12/22,1657433880000,1657641720000,83880000,32520000,207900000,"DHarris Tours, 2207 Vista Del Rio St, Vallejo 94525, US",001,2802  - 2802,38053348,-122240404,9467,
Tue 7/12/22,1657634820000,1657643100000,25620000,33900000,8280000,"808 Camelia St, Berkeley CA 94710, US",,2503  - 2503,37877473,-122301445,4515,
Tue 7/12/22,1657641780000,1657644780000,32580000,35580000,3000000,"603 Mason St, San Francisco CA 94129, US",,3501  - 3501,37803905,-122456144,9703,
Tue 7/12/22,1657645080000,1657646820000,35880000,37620000,1740000,"639 Douglass St, San Francisco CA 94114, US",,2503  - 2503,37753604,-122438739,4531,
Tue 7/12/22,1657644780000,1657646820000,35580000,37620000,2100000,"631 Douglass St, San Francisco CA 94114, US",,2802  - 2802,37753736,-122438700,9497,
Tue 7/12/22,1657648740000,1657649280000,39540000,40080000,540000,"684 Bellevue Ave, Oakland CA 94610, US",,2802  - 2802,37809148,-122259280,9512,
Tue 7/12/22,1657226700000,1657652400000,49500000,43200000,425700000,"358 W Channel Rd, Benicia CA 94510, US",,3602 - 3602,38084519,-122140074,4623,
Tue 7/12/22,1657650240000,1657652460000,41040000,43260000,2220000,"Eastshore Hwy, Berkeley CA 94710, US",,2503  - 2503,37883905,-122306828,4554,
Tue 7/12/22,1657652760000,1657656600000,43560000,47400000,3900000,"1379 Fifth St, Berkeley CA 94710, US",,2503  - 2503,37877805,-122302025,4555,
Tue 7/12/22,1657649400000,1657657560000,40200000,48360000,8160000,"659 Bellevue Ave, Oakland CA 94610, US",,2802  - 2802,37806928,-122259352,9513,
Tue 7/12/22,1657657680000,1657658100000,48480000,48900000,420000,"682 Bellevue Ave, Oakland CA 94610, US",,2802  - 2802,37809147,-122259259,9513,
Tue 7/12/22,1657657560000,1657658100000,48360000,48900000,540000,"252 Grand Ave, Oakland CA 94610, US",,2503  - 2503,37809639,-122258936,4563,
Tue 7/12/22,1657645860000,1657660860000,36660000,51660000,15000000,"Coastal Trl, Sausalito CA 94965, US",,3501  - 3501,37832424,-122539251,9711,
Tue 7/12/22,1657660320000,1657660920000,51120000,51720000,600000,"4149 22nd St, San Francisco CA 94114, US",,2802  - 2802,37754211,-122438218,9528,
Tue 7/12/22,1657660320000,1657660920000,51120000,51720000,600000,"4163 22nd St, San Francisco CA 94114, US",,2503  - 2503,37754254,-122438397,4578,
Tue 7/12/22,1657664280000,1657664940000,55080000,55740000,660000,"401 Parker Ave, Rodeo CA 94572, US",,2503  - 2503,38032627,-122266722,4605,
Tue 7/12/22,1657664280000,1657664940000,55080000,55740000,600000,"401 Parker Ave, Rodeo CA 94572, US",,2802  - 2802,38032621,-122266827,9555,
Tue 7/12/22,1657664760000,1657665780000,55560000,56580000,1020000,"826 Willow Ave, Hercules CA 94547, US",,3501  - 3501,38021801,-122262183,9754,
Wed 7/13/22,1657665360000,1657714380000,56160000,18780000,48960000,"DHarris Tours, 2207 Vista Del Rio St, Vallejo 94525, US",001,2802  - 2802,38053410,-122240313,9558,
Wed 7/13/22,1657666260000,1657719180000,57060000,23580000,52920000,"DHarris Tours, 2207 Vista Del Rio St, Vallejo 94525, US",001,3501  - 3501,38053100,-122240342,9757,
Wed 7/13/22,1657577460000,1657719480000,54660000,23880000,142080000,"Teagarden St, San Leandro CA 94577, US",,4001  - 4001,37706462,-122157037,3872,
Wed 7/13/22,1657716480000,1657719540000,20880000,23940000,3120000,"Teagarden St, San Leandro CA 94577, US",,2802  - 2802,37706744,-122157772,9590,
Wed 7/13/22,1657331760000,1657720320000,68160000,24720000,388560000,"DHarris Tours, 2207 Vista Del Rio St, Vallejo 94525, US",001,3601  - 3601,38052383,-122240079,9479,
Wed 7/13/22,1657719720000,1657720620000,24120000,25020000,900000,"2198 Orchard Ave, San Leandro CA 94577, US",,2802  - 2802,37713412,-122160135,9591,
Wed 7/13/22,1657719720000,1657720680000,24120000,25080000,960000,"2162 Orchard Ave, San Leandro CA 94577, US",,4001  - 4001,37713559,-122160230,3873,
Wed 7/13/22,1657722420000,1657722900000,26820000,27300000,480000,"1536 Solano Ave, Albany CA 94707, US",,2802  - 2802,37890765,-122285871,9612,
Wed 7/13/22,1657723740000,1657725540000,28140000,29940000,1800000,"Carter St, Daly City CA 94014, US",,4001  - 4001,37707153,-122422226,3908,
Wed 7/13/22,1657722360000,1657728240000,26760000,32640000,5880000,"Geneva Ave, San Francisco CA 94134, US",,3501  - 3501,37707190,-122422085,9790,
Wed 7/13/22,1657724160000,1657728300000,28560000,32700000,4140000,"Geneva Ave, San Francisco CA 94134, US",,3601  - 3601,37707164,-122422088,9511,
Wed 7/13/22,1657725600000,1657728720000,30000000,33120000,3180000,"Geneva Ave, San Francisco CA 94134, US",,4001  - 4001,37708243,-122422127,3908,
Wed 7/13/22,1657399020000,1657732440000,49020000,36840000,333360000,"DHarris Tours, 2207 Vista Del Rio St, Vallejo 94525, US",001,3801  - 3801,38052977,-122240137,8211,
Wed 7/13/22,1657731600000,1657733520000,36000000,37920000,1920000,"Golden Gate Brg N, Sausalito CA 94965, US",,3501  - 3501,37833163,-122480349,9803,
Wed 7/13/22,1657731600000,1657733520000,36000000,37920000,1920000,"Golden Gate Bridge, Sausalito CA 94965, US",,3601  - 3601,37833094,-122480179,9524,
Wed 7/13/22,1657731600000,1657733520000,36000000,37920000,1920000,"Golden Gate Bridge, Sausalito CA 94965, US",,4001  - 4001,37833040,-122480032,3921,
Wed 7/13/22,1657732440000,1657734540000,36840000,38940000,2160000,"DHarris Tours, 2207 Vista Del Rio St, Vallejo 94525, US",001,3801  - 3801,38053100,-122240181,8211,
Wed 7/13/22,1657724160000,1657734600000,28560000,39000000,10440000,"DHarris Tours, 2207 Vista Del Rio St, Vallejo 94525, US",001,2802  - 2802,38053777,-122241109,9628,
Wed 7/13/22,1657319760000,1657734600000,56160000,39000000,414840000,"DHarris Tours, 2207 Vista Del Rio St, Vallejo 94525, US",001,4402  - 4402,38053183,-122240255,8980,
Wed 7/13/22,1657736460000,1657740180000,40860000,44580000,3720000,"170 Hemme Ave, Alamo CA 94507, US",,3801  - 3801,37840512,-122027065,8236,
Wed 7/13/22,1657736460000,1657740240000,40860000,44640000,3780000,"172 Hemme Ave, Alamo CA 94507, US",,2802  - 2802,37840456,-122027209,9652,
Wed 7/13/22,1657736520000,1657740240000,40920000,44640000,3720000,"166 Hemme Ave, Alamo CA 94507, US",,4402  - 4402,37840682,-122026922,9005,
Wed 7/13/22,1657740300000,1657740780000,44700000,45180000,480000,"Airport Park Blvd, Ukiah CA 95482, US",,3501  - 3501,39134857,-123198109,9912,
Wed 7/13/22,1657740960000,1657741440000,45360000,45840000,480000,"116 Talmage Rd, Ukiah CA 95482, US",,3501  - 3501,39136417,-123205024,9912,
Wed 7/13/22,1657741380000,1657741800000,45780000,46200000,420000,"Broadmoor Dr, San Ramon CA 94583, US",,3801  - 3801,37748222,-121947216,8246,
Wed 7/13/22,1657741380000,1657741860000,45780000,46260000,480000,"9912 Broadmoor Dr, San Ramon CA 94583, US",,4402  - 4402,37748123,-121948025,9015,
Wed 7/13/22,1657741560000,1657742040000,45960000,46440000,540000,"Airport Park Blvd, Ukiah CA 95482, US",,3501  - 3501,39134820,-123198135,9913,
Wed 7/13/22,1657740300000,1657742100000,44700000,46500000,1800000,"548A, Ukiah CA, US",,3601  - 3601,39134873,-123197901,9633,
Wed 7/13/22,1657740360000,1657742100000,44760000,46500000,1740000,"Airport Park Blvd, Ukiah CA 95482, US",,4001  - 4001,39134737,-123198098,4030,
Wed 7/13/22,1657741980000,1657746360000,46380000,50760000,4320000,"9910 Broadmoor Dr, San Ramon CA 94583, US",,2802  - 2802,37747895,-121947522,9663,
Wed 7/13/22,1657742040000,1657746360000,46440000,50760000,4320000,"9902 Broadmoor Dr, San Ramon CA 94583, US",,4402  - 4402,37747453,-121947349,9016,
Wed 7/13/22,1657742040000,1657746360000,46440000,50760000,4320000,"9908 Broadmoor Dr, San Ramon CA 94583, US",,3801  - 3801,37747791,-121947414,8247,
Wed 7/13/22,1657747560000,1657748040000,51960000,52440000,480000,"Hemme Ave, Alamo CA 94507, US",,3801  - 3801,37840438,-122027822,8256,
Wed 7/13/22,1657747620000,1657748100000,52020000,52500000,480000,"178 Hemme Ave, Alamo CA 94507, US",,4402  - 4402,37840394,-122027652,9025,
Wed 7/13/22,1657747920000,1657749840000,52320000,54240000,1920000,"Fort Bragg CA 95437, US",,3501  - 3501,39425826,-123574096,9959,
Wed 7/13/22,1657747920000,1657749900000,52320000,54300000,1980000,"Fort Bragg CA 95437, US",,3601  - 3601,39425875,-123574202,9680,
Wed 7/13/22,1657747920000,1657749960000,52320000,54360000,1980000,"Fort Bragg CA 95437, US",,4001  - 4001,39425904,-123574089,4077,
Wed 7/13/22,1657750260000,1657750740000,54660000,55140000,480000,"DHarris Tours, 2207 Vista Del Rio St, Vallejo 94525, US",001,3801  - 3801,38053807,-122241008,8281,
Wed 7/13/22,1657755300000,1657756320000,59700000,60720000,1020000,"1091 S State St, Ukiah CA 95482, US",,4001  - 4001,39136456,-123205232,4124,
Wed 7/13/22,1657755300000,1657756320000,59700000,60720000,1020000,"118 Talmage Rd, Ukiah CA 95482, US",,3601  - 3601,39136499,-123204981,9727,
Wed 7/13/22,1657755360000,1657756560000,59760000,60960000,1200000,"Airport Park Blvd, Ukiah CA 95482, US",,3501  - 3501,39134925,-123198029,10005,
Wed 7/13/22,1657749840000,1657763040000,54240000,67440000,13200000,"DHarris Tours, 2207 Vista Del Rio St, Vallejo 94525, US",001,2802  - 2802,38053398,-122240879,9697,
Wed 7/13/22,1657764780000,1657765500000,69180000,69900000,720000,"Geneva Ave, San Francisco CA 94134, US",,3501  - 3501,37707838,-122421989,10125,
Wed 7/13/22,1657767840000,1657768380000,72240000,72780000,540000,"401 Parker Ave, Rodeo CA 94572, US",,3501  - 3501,38032632,-122266868,10156,
Thu 7/14/22,1657763040000,1657803000000,67440000,21000000,39960000,"DHarris Tours, 2207 Vista Del Rio St, Vallejo 94525, US",001,2802  - 2802,38053058,-122240209,9697,
Thu 7/14/22,1657751160000,1657803780000,55560000,21780000,52620000,"1358 Lowrie Ave, South San Francisco CA 94080, US",,4402  - 4402,37646489,-122410865,9063,
Thu 7/14/22,1657805220000,1657805520000,23220000,23520000,360000,"519 Post St, San Francisco CA 94102, US",,2802  - 2802,37787933,-122410374,9724,
Thu 7/14/22,1657805520000,1657809240000,23520000,27240000,3720000,"450 Post St, San Francisco CA 94102, US",,2802  - 2802,37788265,-122409287,9724,
Thu 7/14/22,1657764180000,1657811460000,68580000,29460000,47280000,"DHarris Tours, 2207 Vista Del Rio St, Vallejo 94525, US",001,3601  - 3601,38053062,-122240115,9849,
Thu 7/14/22,1657815300000,1657817160000,33300000,35160000,1860000,"603 Mason St, San Francisco CA 94129, US",,3601  - 3601,37803901,-122456091,9881,
Thu 7/14/22,1657812240000,1657818480000,30240000,36480000,6240000,"48 Muir Woods Rd, Mill Valley CA 94941, US",,2802  - 2802,37892098,-122571503,9741,
Thu 7/14/22,1657750800000,1657819620000,55200000,37620000,68880000,"DHarris Tours, 2207 Vista Del Rio St, Vallejo 94525, US",001,3801  - 3801,38053154,-122240229,8281,
Thu 7/14/22,1657820460000,1657825440000,38460000,43440000,4980000,"497 Humboldt Ave, Sausalito CA 94965, US",,2802  - 2802,37857395,-122479983,9752,
Thu 7/14/22,1657665300000,1657826880000,56100000,44880000,161640000,"DHarris Tours, 2207 Vista Del Rio St, Vallejo 94525, US",001,2503  - 2503,38053319,-122241047,4608,
Thu 7/14/22,1657826400000,1657827720000,44400000,45720000,1320000,"Transit Transfer Facility, San Francisco CA 94129, US",,2802  - 2802,37807303,-122474676,9760,
Thu 7/14/22,1657827960000,1657828260000,45960000,46260000,360000,"2685 Maricopa Ave, Richmond CA 94804, US",,2503  - 2503,37950661,-122341946,4618,
Thu 7/14/22,1657828380000,1657830300000,46380000,48300000,1920000,"2719 Maricopa Ave, Richmond CA 94804, US",,2503  - 2503,37950700,-122341654,4618,
Thu 7/14/22,1657821000000,1657830420000,39000000,48420000,9420000,"2687 Maricopa Ave, Richmond CA 94804, US",,3801  - 3801,37950746,-122341922,8292,
Thu 7/14/22,1657818300000,1657833540000,36300000,51540000,15240000,"Coastal Trl, Sausalito CA 94965, US",,3601  - 3601,37832357,-122539215,9889,
Thu 7/14/22,1657833360000,1657833840000,51360000,51840000,480000,"405 Parker Ave, Rodeo CA 94572, US",,2802  - 2802,38032779,-122266788,9793,
Thu 7/14/22,1657832580000,1657843380000,50580000,61380000,10800000,"Knowland Zoo, Oakland CA 94605, US",,3801  - 3801,37748672,-122143748,8314,
Thu 7/14/22,1657803960000,1657844160000,21960000,62160000,40200000,"1365 San Mateo Ave, South San Francisco CA 94080, US",,4402  - 4402,37644577,-122410359,9063,
Thu 7/14/22,1657845900000,1657846200000,63900000,64200000,300000,"2677 Maricopa Ave, Richmond CA 94804, US",,3801  - 3801,37950764,-122342008,8336,
Thu 7/14/22,1657847580000,1657847940000,65580000,65940000,360000,"DHarris Tours, 2207 Vista Del Rio St, Vallejo 94525, US",001,3801  - 3801,38053808,-122241008,8346,
Fri 7/15/22,1657844280000,1657890660000,62280000,22260000,46440000,"1354 Lowrie Ave, South San Francisco CA 94080, US",,4402  - 4402,37646239,-122410615,9064,
Fri 7/15/22,1657831500000,1657893300000,49500000,24900000,61800000,"DHarris Tours, 2207 Vista Del Rio St, Vallejo 94525, US",001,2503  - 2503,38053375,-122240970,4629,
Fri 7/15/22,1657848060000,1657895340000,66060000,26940000,47280000,"DHarris Tours, 2207 Vista Del Rio St, Vallejo 94525, US",001,3801  - 3801,38053165,-122240270,8346,
Fri 7/15/22,1657768800000,1657895580000,73200000,27180000,126780000,"DHarris Tours, 2207 Vista Del Rio St, Vallejo 94525, US",001,3501  - 3501,38053124,-122240348,10158,
Fri 7/15/22,1657839480000,1657896240000,57480000,27840000,56700000,"DHarris Tours, 2207 Vista Del Rio St, Vallejo 94525, US",001,3601  - 3601,38053085,-122240161,9934,
Fri 7/15/22,1657764240000,1657896900000,68640000,28500000,132660000,"DHarris Tours, 2207 Vista Del Rio St, Vallejo 94525, US",001,4001  - 4001,38053224,-122240224,4246,
Fri 7/15/22,1657895640000,1657897080000,27240000,28680000,1440000,"401 Parker Ave, Rodeo CA 94572, US",,3801  - 3801,38032670,-122266795,8349,
Fri 7/15/22,1657899120000,1657901520000,30720000,33120000,2340000,"810 Harrison St, San Francisco CA 94107, US",,3801  - 3801,37780649,-122399942,8373,
Fri 7/15/22,1657899060000,1657901520000,30660000,33120000,2460000,"816 Harrison St, San Francisco CA 94107, US",,4001  - 4001,37780538,-122400031,4272,
Fri 7/15/22,1657894380000,1657902180000,25980000,33780000,7800000,"810 Camelia St, Berkeley CA 94710, US",,2503  - 2503,37877537,-122301138,4644,
Fri 7/15/22,1657834260000,1657903080000,52260000,34680000,68820000,"DHarris Tours, 2207 Vista Del Rio St, Vallejo 94525, US",001,2802  - 2802,38053126,-122240151,9795,
Fri 7/15/22,1657899120000,1657903080000,30720000,34680000,3960000,"133 Chattanooga St, San Francisco CA 94114, US",,3601  - 3601,37754438,-122426548,9964,
Fri 7/15/22,1657898940000,1657903080000,30540000,34680000,4200000,"932 Dolores St, San Francisco CA 94110, US",,3501  - 3501,37754422,-122425551,10187,
Fri 7/15/22,1657653540000,1657904220000,44340000,35820000,250680000,"DHarris Tours, 2207 Vista Del Rio St, Vallejo 94525, US",001,3602 - 3602,38053811,-122241032,4635,
Fri 7/15/22,1657905180000,1657905480000,36780000,37080000,300000,"853 John F Kennedy Dr, San Francisco CA 94122, US",,3601  - 3601,37769958,-122484709,9971,
Fri 7/15/22,1657905120000,1657905480000,36720000,37080000,360000,"843 John F Kennedy Dr, San Francisco CA 94122, US",,3501  - 3501,37770012,-122484245,10194,
Fri 7/15/22,1657905420000,1657905960000,37020000,37560000,540000,"464 Guerrero St, San Francisco CA 94110, US",,2802  - 2802,37763697,-122424135,9823,
Fri 7/15/22,1657903980000,1657907700000,35580000,39300000,3780000,"3644 18th St, San Francisco CA 94114, US",,2503  - 2503,37761450,-122426910,4658,
Fri 7/15/22,1657906020000,1657907760000,37620000,39360000,1680000,"3628 18th St, San Francisco CA 94114, US",,2802  - 2802,37761420,-122426785,9823,
Fri 7/15/22,1657906920000,1657909200000,38520000,40800000,2280000,"4163 22nd St, San Francisco CA 94114, US",,3501  - 3501,37754219,-122438370,10199,
Fri 7/15/22,1657906920000,1657909200000,38520000,40800000,2280000,"4179 22nd St, San Francisco CA 94114, US",,3601  - 3601,37754205,-122438565,9975,
Fri 7/15/22,1657907580000,1657909260000,39180000,40860000,1620000,"605 Douglass St, San Francisco CA 94114, US",,3602 - 3602,37754153,-122438709,4665,
Fri 7/15/22,1657911600000,1657911960000,43200000,43560000,360000,"Golden Gate Promenade, San Francisco CA 94129, US",,3602 - 3602,37806223,-122468742,4674,
Fri 7/15/22,1657911600000,1657912080000,43200000,43680000,480000,"Mason St, San Francisco CA 94129, US",,3501  - 3501,37806402,-122468998,10208,
Fri 7/15/22,1657911660000,1657912080000,43260000,43680000,420000,"936 Mason St, San Francisco CA 94129, US",,3601  - 3601,37805856,-122468687,9985,
Fri 7/15/22,1657911180000,1657912860000,42780000,44460000,1620000,"Fairgrounds Dr, Vallejo CA 94589, US",,2802  - 2802,38139737,-122230159,9861,
Fri 7/15/22,1657912380000,1657914540000,43980000,46140000,2160000,"178 Sheridan Ave, San Francisco CA 94129, US",,3501  - 3501,37799333,-122458853,10210,
Fri 7/15/22,1657914900000,1657915380000,46500000,46980000,480000,"2716 Lombard St, San Francisco CA 94123, US",,3501  - 3501,37798710,-122446261,10211,
Fri 7/15/22,1657915680000,1657916640000,47280000,48240000,960000,"176 Sheridan Ave, San Francisco CA 94129, US",,3501  - 3501,37799368,-122458921,10212,
Fri 7/15/22,1657912440000,1657916640000,44040000,48240000,4260000,"178 Sheridan Ave, San Francisco CA 94129, US",,3601  - 3601,37799311,-122458844,9986,
Fri 7/15/22,1656788160000,1657916820000,42960000,48420000,1128600000,"DHarris Tours, 2207 Vista Del Rio St, Vallejo 94525, US",001,2302  - 2302,38053414,-122240861,3394,
Fri 7/15/22,1657916220000,1657917240000,47820000,48840000,960000,"Marinship Way, Sausalito CA 94965, US",,2802  - 2802,37867058,-122499836,9899,
Fri 7/15/22,1657917720000,1657919100000,49320000,50700000,1380000,"805 John F Kennedy Dr, San Francisco CA 94122, US",,3501  - 3501,37770017,-122482480,10217,
Fri 7/15/22,1657917720000,1657919100000,49320000,50700000,1380000,"809 John F Kennedy Dr, San Francisco CA 94122, US",,3601  - 3601,37770076,-122482606,9991,
Fri 7/15/22,1657912380000,1657919820000,43980000,51420000,7500000,"Anza St, San Francisco CA 94129, US",,3602 - 3602,37799251,-122458447,4676,
Fri 7/15/22,1657921080000,1657921440000,52680000,53040000,360000,"930 Dolores St, San Francisco CA 94110, US",,3501  - 3501,37754467,-122425522,10224,
Fri 7/15/22,1657921080000,1657921440000,52680000,53040000,360000,"928 Dolores St, San Francisco CA 94110, US",,3601  - 3601,37754517,-122425586,9999,
Fri 7/15/22,1657911660000,1657922040000,43260000,53640000,10380000,"DHarris Tours, 2207 Vista Del Rio St, Vallejo 94525, US",001,2503  - 2503,38053778,-122241015,4702,
Fri 7/15/22,1657920540000,1657922100000,52140000,53700000,1560000,"939 Mason St, San Francisco CA 94129, US",,2302  - 2302,37806162,-122468854,3425,
Fri 7/15/22,1657920720000,1657922100000,52320000,53700000,1440000,"938 Mason St, San Francisco CA 94129, US",,3602 - 3602,37806023,-122468742,4679,
Fri 7/15/22,1657919340000,1657922100000,50940000,53700000,2760000,"939 Mason St, San Francisco CA 94129, US",,2802  - 2802,37806175,-122468847,9908,
Fri 7/15/22,1657922340000,1657922820000,53940000,54420000,480000,"4165 22nd St, San Francisco CA 94114, US",,3501  - 3501,37754213,-122438414,10227,
Fri 7/15/22,1657904340000,1657922940000,35940000,54540000,18660000,"Great America Pkwy, Santa Clara CA 95054, US",,3801  - 3801,37400692,-121975811,8416,
Fri 7/15/22,1657904280000,1657922940000,35880000,54540000,18660000,"Great America Pkwy, Santa Clara CA 95054, US",,4001  - 4001,37400544,-121975763,4315,
Fri 7/15/22,1657924680000,1657925400000,56280000,57000000,720000,"4175 22nd St, San Francisco CA 94114, US",,3602 - 3602,37754217,-122438524,4688,
Fri 7/15/22,1657924740000,1657925400000,56340000,57000000,660000,"4179 22nd St, San Francisco CA 94114, US",,2302  - 2302,37754201,-122438568,3435,
Fri 7/15/22,1657924680000,1657925400000,56280000,57000000,720000,"605 Douglass St, San Francisco CA 94114, US",,2802  - 2802,37754139,-122438777,9918,
Fri 7/15/22,1657926780000,1657927260000,58380000,58860000,420000,"358 4th St, San Francisco CA 94107, US",,3801  - 3801,37781279,-122400310,8459,
Fri 7/15/22,1657926840000,1657927260000,58440000,58860000,360000,"806 Harrison St, San Francisco CA 94107, US",,4001  - 4001,37780711,-122399880,4359,
Fri 7/15/22,1657890780000,1657928220000,22380000,59820000,37380000,"1363 San Mateo Ave, South San Francisco CA 94080, US",,4402  - 4402,37644512,-122410328,9064,
Fri 7/15/22,1657930980000,1657931700000,62580000,63300000,720000,"DHarris Tours, 2207 Vista Del Rio St, Vallejo 94525, US",001,2802  - 2802,38053669,-122240843,9947,
Fri 7/15/22,1657931340000,1657932600000,62940000,64200000,1320000,"405 Parker Ave, Rodeo CA 94572, US",,4001  - 4001,38032760,-122266867,4383,
Fri 7/15/22,1657932660000,1657933860000,64260000,65460000,1200000,"Fairgrounds Dr, Vallejo CA 94589, US",,2802  - 2802,38131867,-122230134,9957,
Fri 7/15/22,1657922940000,1657933920000,54540000,65520000,10980000,"Fairgrounds Dr, Vallejo CA 94589, US",,2503  - 2503,38131647,-122230161,4712,
Fri 7/15/22,1657932960000,1657933920000,64560000,65520000,900000,"DHarris Tours, 2207 Vista Del Rio St, Vallejo 94525, US",001,4001  - 4001,38053827,-122241052,4386,
Fri 7/15/22,1657933920000,1657934880000,65520000,66480000,960000,"Fairgrounds Dr, Vallejo CA 94589, US",,2802  - 2802,38133571,-122230417,9957,
Fri 7/15/22,1657933920000,1657934940000,65520000,66540000,960000,"Fairgrounds Dr, Vallejo CA 94589, US",,2503  - 2503,38133434,-122230387,4712,
Sun 7/17/22,1657926180000,1658109300000,57780000,68100000,183060000,"DHarris Tours, 2207 Vista Del Rio St, Vallejo 94525, US",001,3601  - 3601,38053046,-122240229,10028,
Mon 7/18/22,1657928340000,1658147760000,59940000,20160000,219420000,"1356 Lowrie Ave, South San Francisco CA 94080, US",,4402  - 4402,37646288,-122410626,9064,
Mon 7/18/22,1657930800000,1658156160000,62400000,28560000,225360000,"DHarris Tours, 2207 Vista Del Rio St, Vallejo 94525, US",001,3602 - 3602,38053766,-122241022,4718,
Mon 7/18/22,1658157600000,1658158380000,30000000,30780000,780000,"561 S 13th St, Richmond CA 94804, US",,3602 - 3602,37924833,-122357355,4731,
Mon 7/18/22,1658159460000,1658160000000,31860000,32400000,540000,"Pinole Valley Rd, Pinole CA 94564, US",,3602 - 3602,37993657,-122285364,4740,
Mon 7/18/22,1658147880000,1658188620000,20280000,61020000,40740000,"1365 San Mateo Ave, South San Francisco CA 94080, US",,4402  - 4402,37644540,-122410351,9065,
Mon 7/18/22,1658109300000,1658205840000,68100000,78240000,96540000,"DHarris Tours, 2207 Vista Del Rio St, Vallejo 94525, US",001,3601  - 3601,38053023,-122240216,10028,
Tue 7/19/22,1658188680000,1658234640000,61080000,20640000,45960000,"1359 Lowrie Ave, South San Francisco CA 94080, US",,4402  - 4402,37646440,-122410915,9065,
Tue 7/19/22,1657927500000,1658243760000,59100000,29760000,316260000,"DHarris Tours, 2207 Vista Del Rio St, Vallejo 94525, US",001,3501  - 3501,38053158,-122240352,10256,
Tue 7/19/22,1658160780000,1658244240000,33180000,30240000,83460000,"DHarris Tours, 2207 Vista Del Rio St, Vallejo 94525, US",001,3602 - 3602,38053563,-122240632,4746,
Tue 7/19/22,1657940640000,1658244540000,72240000,30540000,303900000,"DHarris Tours, 2207 Vista Del Rio St, Vallejo 94525, US",001,2503  - 2503,38053794,-122241033,4774,
Tue 7/19/22,1658244060000,1658244840000,30060000,30840000,720000,"401 Parker Ave, Rodeo CA 94572, US",,3501  - 3501,38032652,-122266845,10259,
Tue 7/19/22,1658244780000,1658245800000,30780000,31800000,1080000,"386 Parker Ave, Rodeo CA 94572, US",,2503  - 2503,38033045,-122267195,4777,
Tue 7/19/22,1658248860000,1658249400000,34860000,35400000,540000,"603 Mason St, San Francisco CA 94129, US",,3501  - 3501,37803903,-122456458,10288,
Tue 7/19/22,1658249340000,1658249880000,35340000,35880000,540000,"603 Mason St, San Francisco CA 94129, US",,2503  - 2503,37803904,-122456291,4812,
Tue 7/19/22,1658249400000,1658251920000,35400000,37920000,2520000,"602 Mason St, San Francisco CA 94129, US",,3501  - 3501,37804028,-122455338,10288,
Tue 7/19/22,1658249940000,1658251920000,35940000,37920000,2040000,"Mason St, San Francisco CA 94129, US",,2503  - 2503,37804082,-122455030,4812,
Tue 7/19/22,1657933980000,1658252820000,65580000,38820000,318840000,"DHarris Tours, 2207 Vista Del Rio St, Vallejo 94525, US",001,4001  - 4001,38053012,-122240090,4386,
Tue 7/19/22,1657930740000,1658256300000,62340000,42300000,325560000,"DHarris Tours, 2207 Vista Del Rio St, Vallejo 94525, US",001,2302  - 2302,38053780,-122241012,3464,
Tue 7/19/22,1658254380000,1658256360000,40380000,42360000,1980000,"DHarris Tours, 2207 Vista Del Rio St, Vallejo 94525, US",001,4001  - 4001,38053365,-122240852,4398,
Tue 7/19/22,1658258280000,1658259000000,44280000,45000000,780000,"Portola State Park Rd, La Honda CA 94020, US",,2503  - 2503,37252661,-122218700,4867,
Tue 7/19/22,1658258220000,1658259060000,44220000,45060000,840000,"Portola State Park Rd, La Honda CA 94020, US",,3501  - 3501,37252721,-122218481,10343,
Tue 7/19/22,1658259120000,1658259720000,45120000,45720000,600000,"Portola State Park Rd, La Honda CA 94020, US",,3501  - 3501,37252055,-122215924,10343,
Tue 7/19/22,1658259120000,1658259720000,45120000,45720000,600000,"Portola State Park Rd, La Honda CA 94020, US",,2503  - 2503,37252022,-122215974,4868,
Tue 7/19/22,1658258460000,1658259960000,44460000,45960000,1500000,"Bay Trl, Richmond CA 94801, US",,4001  - 4001,37913133,-122385291,4414,
Tue 7/19/22,1658258820000,1658259960000,44820000,45960000,1080000,"939 Linden Ave, South San Francisco CA 94080, US",,2302  - 2302,37662158,-122406266,3499,
Tue 7/19/22,1658260320000,1658261100000,46320000,47100000,780000,"236 6th Ln, South San Francisco CA 94080, US",,2302  - 2302,37657608,-122408906,3500,
Tue 7/19/22,1658261160000,1658262120000,47160000,48120000,960000,"939 Linden Ave, South San Francisco CA 94080, US",,2302  - 2302,37662155,-122406248,3500,
Tue 7/19/22,1658262000000,1658262360000,48000000,48360000,360000,"Bay Trl, Richmond CA 94801, US",,4001  - 4001,37913169,-122385357,4422,
Tue 7/19/22,1658262420000,1658262840000,48420000,48840000,360000,"1433 San Mateo Ave, South San Francisco CA 94080, US",,2302  - 2302,37647104,-122409709,3501,
Tue 7/19/22,1658263200000,1658263620000,49200000,49620000,420000,"540 S 45th St, Richmond CA 94804, US",,4001  - 4001,37924804,-122327191,4426,
Tue 7/19/22,1658263320000,1658265120000,49320000,51120000,1860000,"S Airport Blvd, South San Francisco CA 94080, US",,2302  - 2302,37643989,-122402957,3503,
Tue 7/19/22,1658264160000,1658266920000,50160000,52920000,2700000,"Eastshore Hwy, Berkeley CA 94710, US",,4001  - 4001,37883919,-122306766,4431,
Tue 7/19/22,1658234880000,1658266980000,20880000,52980000,32100000,"1425 San Mateo Ave, South San Francisco CA 94080, US",,4402  - 4402,37646733,-122409740,9065,
Tue 7/19/22,1658267580000,1658268780000,53580000,54780000,1200000,"570 S 45th St, Richmond CA 94804, US",,4001  - 4001,37924584,-122327140,4436,
Tue 7/19/22,1658245320000,1658271420000,31320000,57420000,26160000,"561 S 13th St, Richmond CA 94804, US",,3602 - 3602,37924840,-122357238,4759,
Tue 7/19/22,1658267040000,1658274600000,53040000,60600000,7560000,"1352 Lowrie Ave, South San Francisco CA 94080, US",,4402  - 4402,37646173,-122410955,9066,
Wed 7/20/22,1657940580000,1658331360000,72180000,30960000,390780000,"DHarris Tours, 2207 Vista Del Rio St, Vallejo 94525, US",001,2802  - 2802,38053794,-122241019,10020,
Wed 7/20/22,1658331660000,1658332320000,31260000,31920000,660000,"407 Parker Ave, Rodeo CA 94572, US",,2802  - 2802,38032718,-122266777,10022,
Wed 7/20/22,1657931460000,1658333460000,63060000,33060000,401940000,"DHarris Tours, 2207 Vista Del Rio St, Vallejo 94525, US",001,3801  - 3801,38053139,-122240206,8486,
Wed 7/20/22,1658332680000,1658333460000,32280000,33060000,720000,"DHarris Tours, 2207 Vista Del Rio St, Vallejo 94525, US",001,2802  - 2802,38053507,-122240656,10025,
Wed 7/20/22,1658267400000,1658338260000,53400000,37860000,70860000,"DHarris Tours, 2207 Vista Del Rio St, Vallejo 94525, US",001,2503  - 2503,38053849,-122241186,4951,
Wed 7/20/22,1658334420000,1658338980000,34020000,38580000,4560000,"2621 May Rd, El Sobrante CA 94803, US",,3801  - 3801,37967461,-122296983,8494,
Wed 7/20/22,1658334420000,1658338980000,34020000,38580000,4560000,"May Rd, El Sobrante CA 94803, US",,2802  - 2802,37967676,-122297211,10033,
Wed 7/20/22,1658267400000,1658338980000,53400000,38580000,71580000,"DHarris Tours, 2207 Vista Del Rio St, Vallejo 94525, US",001,3501  - 3501,38053813,-122241032,10427,
Wed 7/20/22,1658205840000,1658339220000,78240000,38820000,133380000,"DHarris Tours, 2207 Vista Del Rio St, Vallejo 94525, US",001,3601  - 3601,38053031,-122240152,10028,
Wed 7/20/22,1658338260000,1658339220000,37860000,38820000,960000,"DHarris Tours, 2207 Vista Del Rio St, Vallejo 94525, US",001,2503  - 2503,38053359,-122241036,4952,
Wed 7/20/22,1658339040000,1658339520000,38640000,39120000,480000,"DHarris Tours, 2207 Vista Del Rio St, Vallejo 94525, US",001,3501  - 3501,38053660,-122240827,10427,
Wed 7/20/22,1658339580000,1658340240000,39180000,39840000,660000,"401 Parker Ave, Rodeo CA 94572, US",,2503  - 2503,38032563,-122266691,4954,
Wed 7/20/22,1658339580000,1658340360000,39180000,39960000,780000,"401 Parker Ave, Rodeo CA 94572, US",,3601  - 3601,38032629,-122266850,10031,
Wed 7/20/22,1658274300000,1658340660000,60300000,40260000,66360000,"DHarris Tours, 2207 Vista Del Rio St, Vallejo 94525, US",001,4001  - 4001,38053095,-122240374,4465,
Wed 7/20/22,1658340900000,1658341260000,40500000,40860000,360000,"Central Park Dr, Berkeley CA 94708, US",,2802  - 2802,37908941,-122265020,10045,
Wed 7/20/22,1658341380000,1658342700000,40980000,42300000,1320000,"Central Park Dr, Berkeley CA 94708, US",,2802  - 2802,37906360,-122263874,10045,
Wed 7/20/22,1658341680000,1658344320000,41280000,43920000,2580000,"174 Hemme Ave, Alamo CA 94507, US",,3501  - 3501,37840395,-122027322,10451,
Wed 7/20/22,1658342400000,1658344320000,42000000,43920000,1920000,"Hemme Ave, Alamo CA 94507, US",,2503  - 2503,37840439,-122027799,4980,
Wed 7/20/22,1658342400000,1658344320000,42000000,43920000,1920000,"178 Hemme Ave, Alamo CA 94507, US",,3601  - 3601,37840435,-122027677,10056,
Wed 7/20/22,1658342400000,1658344320000,42000000,43920000,1920000,"176 Hemme Ave, Alamo CA 94507, US",,4001  - 4001,37840374,-122027461,4489,
Wed 7/20/22,1658341200000,1658345280000,40800000,44880000,4080000,"Central Park Dr, Berkeley CA 94708, US",,3801  - 3801,37906410,-122263582,8506,
Wed 7/20/22,1658345700000,1658348520000,45300000,48120000,2880000,"Central Park Dr, Berkeley CA 94708, US",,3801  - 3801,37906298,-122263751,8507,
Wed 7/20/22,1658343060000,1658348580000,42660000,48180000,5520000,"15 Lone Oak Rd, Berkeley CA 94708, US",,2802  - 2802,37905511,-122262596,10046,
Wed 7/20/22,1658348640000,1658349180000,48240000,48780000,540000,"Central Park Dr, Berkeley CA 94708, US",,3801  - 3801,37908738,-122264633,8507,
Wed 7/20/22,1658348700000,1658349240000,48300000,48840000,540000,"Central Park Dr, Berkeley CA 94708, US",,2802  - 2802,37908435,-122264138,10046,
Wed 7/20/22,1658345640000,1658350980000,45240000,50580000,5400000,"9910 Broadmoor Dr, San Ramon CA 94583, US",,3501  - 3501,37747924,-121947524,10462,
Wed 7/20/22,1658345640000,1658351040000,45240000,50640000,5400000,"9908 Broadmoor Dr, San Ramon CA 94583, US",,2503  - 2503,37747806,-121947448,4991,
Wed 7/20/22,1658345640000,1658351040000,45240000,50640000,5400000,"9906 Broadmoor Dr, San Ramon CA 94583, US",,4001  - 4001,37747707,-121947465,4500,
Wed 7/20/22,1658345640000,1658351040000,45240000,50640000,5400000,"9904 Broadmoor Dr, San Ramon CA 94583, US",,3601  - 3601,37747609,-121947328,10067,
Wed 7/20/22,1658352180000,1658352480000,51780000,52080000,360000,"180 Hemme Ave, Alamo CA 94507, US",,4001  - 4001,37840355,-122027779,4511,
Wed 7/20/22,1658352180000,1658352480000,51780000,52080000,360000,"178 Hemme Ave, Alamo CA 94507, US",,3601  - 3601,37840413,-122027635,10078,
Wed 7/20/22,1658352120000,1658352600000,51720000,52200000,420000,"Hemme Ave, Alamo CA 94507, US",,2503  - 2503,37840413,-122027880,5002,
Wed 7/20/22,1658353920000,1658354400000,53520000,54000000,480000,"3029 Howe Rd, Martinez CA 94553, US",,3501  - 3501,37996457,-122120297,10489,
Wed 7/20/22,1658354580000,1658355240000,54180000,54840000,600000,"407 Parker Ave, Rodeo CA 94572, US",,4001  - 4001,38032695,-122266819,4537,
Wed 7/20/22,1658274900000,1658360400000,60900000,60000000,85500000,"1413 San Mateo Ave, South San Francisco CA 94080, US",,4402  - 4402,37646253,-122409897,9067,
Wed 7/20/22,1658271600000,1658360940000,57600000,60540000,89400000,"573 S 13th St, Richmond CA 94804, US",,3602 - 3602,37924717,-122357328,4759,
Thu 7/21/22,1658360640000,1658407500000,60240000,20700000,46860000,"1354 Lowrie Ave, South San Francisco CA 94080, US",,4402  - 4402,37646249,-122410624,9067,
Thu 7/21/22,1658355240000,1658412840000,54840000,26040000,57600000,"DHarris Tours, 2207 Vista Del Rio St, Vallejo 94525, US",001,3501  - 3501,38053131,-122240354,10498,
Thu 7/21/22,1658361000000,1658414040000,60600000,27240000,53040000,"599 S 13th St, Richmond CA 94804, US",,3602 - 3602,37924434,-122357012,4759,
Thu 7/21/22,1658412840000,1658414160000,26040000,27360000,1320000,"DHarris Tours, 2207 Vista Del Rio St, Vallejo 94525, US",001,3501  - 3501,38053643,-122240880,10498,
Thu 7/21/22,1658355780000,1658414280000,55380000,27480000,58500000,"DHarris Tours, 2207 Vista Del Rio St, Vallejo 94525, US",001,4001  - 4001,38053185,-122240016,4540,
Thu 7/21/22,1658354760000,1658414640000,54360000,27840000,59880000,"DHarris Tours, 2207 Vista Del Rio St, Vallejo 94525, US",001,3601  - 3601,38053107,-122240219,10103,
Thu 7/21/22,1658352240000,1658414820000,51840000,28020000,62580000,"DHarris Tours, 2207 Vista Del Rio St, Vallejo 94525, US",001,2802  - 2802,38053527,-122240646,10067,
Thu 7/21/22,1658416140000,1658416980000,29340000,30180000,840000,"1481 Danville Blvd, Alamo CA 94507, US",,3501  - 3501,37846999,-122030673,10522,
Thu 7/21/22,1658416320000,1658417040000,29520000,30240000,720000,"1522 Danville Blvd, Alamo CA 94507, US",,4001  - 4001,37847401,-122030790,4563,
Thu 7/21/22,1658416620000,1658417340000,29820000,30540000,660000,"1561 Danville Blvd, Alamo CA 94507, US",,3601  - 3601,37847680,-122031172,10127,
Thu 7/21/22,1658416680000,1658417340000,29880000,30540000,660000,"1577 Danville Blvd, Alamo CA 94507, US",,2802  - 2802,37847804,-122031300,10090,
Thu 7/21/22,1658417100000,1658421720000,30300000,34920000,4620000,"174 Hemme Ave, Alamo CA 94507, US",,3501  - 3501,37840379,-122027275,10523,
Thu 7/21/22,1658417220000,1658421780000,30420000,34980000,4560000,"Hemme Ave, Alamo CA 94507, US",,4001  - 4001,37840336,-122027893,4564,
Thu 7/21/22,1658417460000,1658421780000,30660000,34980000,4320000,"Hemme Ave, Alamo CA 94507, US",,3601  - 3601,37840436,-122027790,10128,
Thu 7/21/22,1658417460000,1658421780000,30660000,34980000,4320000,"178 Hemme Ave, Alamo CA 94507, US",,2802  - 2802,37840414,-122027592,10091,
Thu 7/21/22,1658423640000,1658424240000,36840000,37440000,600000,"Patterson Pass Rd, Livermore CA 94550, US",,3601  - 3601,37696593,-121713080,10153,
Thu 7/21/22,1658423640000,1658424540000,36840000,37740000,900000,"Patterson Pass Rd, Livermore CA 94550, US",,2802  - 2802,37696463,-121713082,10115,
Thu 7/21/22,1658424840000,1658429400000,38040000,42600000,4560000,"S Vasco Rd, Livermore CA 94551, US",,2802  - 2802,37705524,-121721572,10117,
Thu 7/21/22,1658407560000,1658434020000,20760000,47220000,26460000,"1365 San Mateo Ave, South San Francisco CA 94080, US",,4402  - 4402,37644561,-122410334,9068,
Thu 7/21/22,1658424360000,1658436300000,37560000,49500000,12000000,"Patterson Pass Rd, Livermore CA 94550, US",,3601  - 3601,37697344,-121713110,10153,
Thu 7/21/22,1658423640000,1658436300000,36840000,49500000,12720000,"Patterson Pass Rd, Livermore CA 94550, US",,4001  - 4001,37696753,-121713159,4590,
Thu 7/21/22,1658423640000,1658436360000,36840000,49560000,12720000,"Patterson Pass Rd, Livermore CA 94550, US",,3501  - 3501,37696833,-121713102,10549,
Thu 7/21/22,1658429640000,1658436360000,42840000,49560000,6660000,"Patterson Pass Rd, Livermore CA 94550, US",,2802  - 2802,37697252,-121713412,10118,
Thu 7/21/22,1658434320000,1658436360000,47520000,49560000,2040000,"1411 San Mateo Ave, South San Francisco CA 94080, US",,4402  - 4402,37646232,-122410199,9069,
Thu 7/21/22,1658438520000,1658438820000,51720000,52020000,300000,"178 Hemme Ave, Alamo CA 94507, US",,3501  - 3501,37840454,-122027697,10575,
Thu 7/21/22,1658438520000,1658439120000,51720000,52320000,600000,"176 Hemme Ave, Alamo CA 94507, US",,2802  - 2802,37840421,-122027419,10144,
Thu 7/21/22,1658414100000,1658439240000,27300000,52440000,25080000,"556 S 13th St, Richmond CA 94804, US",,3602 - 3602,37924289,-122356894,4759,
Thu 7/21/22,1658440080000,1658440740000,53280000,53940000,660000,"3039 Howe Rd, Martinez CA 94553, US",,3501  - 3501,37996411,-122120312,10590,
Thu 7/21/22,1658440320000,1658440740000,53520000,53940000,420000,"3071 Howe Rd, Martinez CA 94553, US",,2802  - 2802,37996343,-122120463,10160,
Thu 7/21/22,1658439360000,1658441700000,52560000,54900000,2340000,"563 S 13th St, Richmond CA 94804, US",,3602 - 3602,37924810,-122357357,4760,
Thu 7/21/22,1658441040000,1658443320000,54240000,56520000,2280000,"22082 Arbor Ave, Hayward CA 94541, US",,4001  - 4001,37666829,-122106918,4641,
Thu 7/21/22,1658441880000,1658443320000,55080000,56520000,1440000,"530 S 13th St, Richmond CA 94804, US",,3602 - 3602,37924976,-122356842,4760,
Thu 7/21/22,1658437920000,1658444220000,51120000,57420000,6360000,"1352 Lowrie Ave, South San Francisco CA 94080, US",,4402  - 4402,37646139,-122410965,9089,
Thu 7/21/22,1658444760000,1658446020000,57960000,59220000,1260000,"155 Utah Ave, South San Francisco CA 94080, US",,4402  - 4402,37646157,-122401711,9091,
Thu 7/21/22,1658452020000,1658453160000,65220000,66360000,1140000,"407 Parker Ave, Rodeo CA 94572, US",,4402  - 4402,38032744,-122266809,9103,
Fri 7/22/22,1658445000000,1658494200000,58200000,21000000,49200000,"158 Utah Ave, South San Francisco CA 94080, US",,4001  - 4001,37646054,-122401422,4666,
Fri 7/22/22,1658453520000,1658495160000,66720000,21960000,41640000,"DHarris Tours, 2207 Vista Del Rio St, Vallejo 94525, US",001,4402  - 4402,38053004,-122240108,9105,
Fri 7/22/22,1658494380000,1658495220000,21180000,22020000,840000,"Gateway Blvd, South San Francisco CA 94080, US",,4001  - 4001,37651928,-122401766,4667,
Fri 7/22/22,1658441580000,1658495220000,54780000,22020000,53640000,"DHarris Tours, 2207 Vista Del Rio St, Vallejo 94525, US",001,3501  - 3501,38053212,-122240328,10600,
Fri 7/22/22,1658497680000,1658499000000,24480000,25800000,1320000,"462A, Novato CA 94945, US",,3501  - 3501,38092646,-122557239,10634,
Fri 7/22/22,1658497680000,1658499000000,24480000,25800000,1320000,"462A, Novato CA 94945, US",,4402  - 4402,38092496,-122557253,9105,
Fri 7/22/22,1658498700000,1658499180000,25500000,25980000,540000,"997 S Novato Blvd, Novato CA 94947, US",,4001  - 4001,38077479,-122551404,4711,
Fri 7/22/22,1658269440000,1658502240000,55440000,29040000,232800000,"DHarris Tours, 2207 Vista Del Rio St, Vallejo 94525, US",001,2302  - 2302,38053774,-122241040,3540,
Fri 7/22/22,1658441640000,1658502840000,54840000,29640000,61260000,"DHarris Tours, 2207 Vista Del Rio St, Vallejo 94525, US",001,2802  - 2802,38053687,-122240827,10169,
Fri 7/22/22,1658354880000,1658502900000,54480000,29700000,147960000,"DHarris Tours, 2207 Vista Del Rio St, Vallejo 94525, US",001,2503  - 2503,38053752,-122241022,5031,
Fri 7/22/22,1658502540000,1658503260000,29340000,30060000,780000,"401 Parker Ave, Rodeo CA 94572, US",,2302  - 2302,38032629,-122266837,3542,
Fri 7/22/22,1658444880000,1658503800000,58080000,30600000,58920000,"DHarris Tours, 2207 Vista Del Rio St, Vallejo 94525, US",001,3602 - 3602,38053786,-122241059,4774,
Fri 7/22/22,1658440860000,1658503860000,54060000,30660000,63000000,"DHarris Tours, 2207 Vista Del Rio St, Vallejo 94525, US",001,3601  - 3601,38053076,-122240237,10205,
Fri 7/22/22,1658504040000,1658504580000,30840000,31380000,540000,"3069 Barrett Ave, Richmond CA 94804, US",,2302  - 2302,37937390,-122339175,3552,
Fri 7/22/22,1658504160000,1658504880000,30960000,31680000,720000,"401 Parker Ave, Rodeo CA 94572, US",,3602 - 3602,38032616,-122266851,4777,
Fri 7/22/22,1658505900000,1658506800000,32700000,33600000,840000,"1401 S Main St, Willits CA 95490, US",,3501  - 3501,39398476,-123349529,10747,
Fri 7/22/22,1658505900000,1658506860000,32700000,33660000,900000,"1401 S Main St, Willits CA 95490, US",,4001  - 4001,39398364,-123349563,4822,
Fri 7/22/22,1658505900000,1658506860000,32700000,33660000,960000,"1401 S Main St, Willits CA 95490, US",,4402  - 4402,39398203,-123349550,9155,
Fri 7/22/22,1658352180000,1658507580000,51780000,34380000,155400000,"DHarris Tours, 2207 Vista Del Rio St, Vallejo 94525, US",001,3801  - 3801,38053409,-122240967,8528,
Fri 7/22/22,1658506200000,1658508180000,33000000,34980000,1980000,"137 Harbour Way, Richmond CA 94801, US",,3602 - 3602,37933214,-122360089,4788,
Fri 7/22/22,1658505900000,1658508180000,32700000,34980000,2280000,"157 Harbour Way, Richmond CA 94801, US",,3601  - 3601,37933632,-122360097,10219,
Fri 7/22/22,1658504940000,1658508180000,31740000,34980000,3300000,"149 Harbour Way, Richmond CA 94801, US",,2302  - 2302,37933495,-122360077,3553,
Fri 7/22/22,1658509080000,1658510100000,35880000,36900000,1020000,"3204 San Pablo Ave, Emeryville CA 94608, US",,3801  - 3801,37822672,-122277127,8548,
Fri 7/22/22,1658510040000,1658511420000,36840000,38220000,1380000,"1261 McKay Ave, Alameda CA 94501, US",,3602 - 3602,37769151,-122278401,4803,
Fri 7/22/22,1658511840000,1658512140000,38640000,38940000,300000,"Central Park Dr, Berkeley CA 94708, US",,3801  - 3801,37908706,-122264547,8555,
Fri 7/22/22,1658510040000,1658512620000,36840000,39420000,2640000,"Portola State Park Rd, La Honda CA 94020, US",,2802  - 2802,37252388,-122216651,10247,
Fri 7/22/22,1658510100000,1658512620000,36900000,39420000,2580000,"Portola State Park Rd, La Honda CA 94020, US",,2503  - 2503,37252488,-122216663,5109,
Fri 7/22/22,1658510520000,1658512800000,37320000,39600000,2280000,"Fort Bragg CA 95437, US",,3501  - 3501,39425867,-123574212,10771,
Fri 7/22/22,1658512860000,1658513340000,39660000,40140000,480000,"Fort Bragg CA 95437, US",,3501  - 3501,39426570,-123573155,10771,
Fri 7/22/22,1658510580000,1658514840000,37380000,41640000,4260000,"Fort Bragg CA 95437, US",,4402  - 4402,39425860,-123574053,9161,
Fri 7/22/22,1658510580000,1658514960000,37380000,41760000,4380000,"Fort Bragg CA 95437, US",,4001  - 4001,39425745,-123574065,4846,
Fri 7/22/22,1658512260000,1658518560000,39060000,45360000,6300000,"696 Canon Dr, Kensington CA 94708, US",,3801  - 3801,37907011,-122263841,8555,
Fri 7/22/22,1658518680000,1658518980000,45480000,45780000,360000,"Central Park Dr, Berkeley CA 94708, US",,3801  - 3801,37908075,-122263907,8556,
Fri 7/22/22,1658513160000,1658519400000,39960000,46200000,6240000,"716 Haight Ave, Alameda CA 94501, US",,3602 - 3602,37773895,-122275950,4805,
Fri 7/22/22,1658518740000,1658520540000,45540000,47340000,1800000,"Airport Park Blvd, Ukiah CA 95482, US",,3501  - 3501,39134799,-123198012,10817,
Fri 7/22/22,1658520840000,1658521260000,47640000,48060000,420000,"3212 San Pablo Ave, Emeryville CA 94608, US",,3801  - 3801,37822875,-122277142,8563,
Fri 7/22/22,1658521020000,1658521320000,47820000,48120000,300000,"602 Mason St, San Francisco CA 94129, US",,2503  - 2503,37804020,-122455569,5163,
Fri 7/22/22,1658520960000,1658521680000,47760000,48480000,720000,"602 Mason St, San Francisco CA 94129, US",,2802  - 2802,37804017,-122455458,10302,
Fri 7/22/22,1658522640000,1658523480000,49440000,50280000,840000,"The Embarcadero, San Francisco CA 94133, US",,2503  - 2503,37808426,-122409986,5167,
Fri 7/22/22,1658519820000,1658523600000,46620000,50400000,3780000,"1263 McKay Ave, Alameda CA 94501, US",,3602 - 3602,37769176,-122278396,4806,
Fri 7/22/22,1658523840000,1658524320000,50640000,51120000,480000,"297 The Embarcadero, San Francisco CA 94111, US",,2503  - 2503,37797662,-122396501,5168,
Fri 7/22/22,1658510160000,1658524800000,36960000,51600000,14640000,"1247 McKay Ave, Alameda CA 94501, US",,3601  - 3601,37768932,-122278429,10234,
Fri 7/22/22,1658521080000,1658525040000,47880000,51840000,3960000,"Airport Park Blvd, Ukiah CA 95482, US",,4001  - 4001,39133985,-123197629,4893,
Fri 7/22/22,1658521080000,1658525040000,47880000,51840000,3960000,"548A, Ukiah CA, US",,4402  - 4402,39134896,-123197935,9164,
Fri 7/22/22,1658510100000,1658525940000,36900000,52740000,15840000,"1249 McKay Ave, Alameda CA 94501, US",,2302  - 2302,37768969,-122278422,3569,
Fri 7/22/22,1658524560000,1658525940000,51360000,52740000,1320000,"1228 McKay Ave, Alameda CA 94501, US",,3801  - 3801,37768644,-122278770,8578,
Fri 7/22/22,1658524860000,1658525940000,51660000,52740000,1080000,"1244 McKay Ave, Alameda CA 94501, US",,3601  - 3601,37768880,-122278462,10235,
Fri 7/22/22,1658526960000,1658527440000,53760000,54240000,480000,"Mokelumne Trl, Antioch CA 94531, US",,2802  - 2802,37965979,-121774185,10367,
Fri 7/22/22,1658527740000,1658528100000,54540000,54900000,300000,"DHarris Tours, 2207 Vista Del Rio St, Vallejo 94525, US",001,3602 - 3602,38053751,-122240994,4840,
Fri 7/22/22,1658528040000,1658529480000,54840000,56280000,1440000,"931 Union St, Oakland CA 94607, US",,3501  - 3501,37806938,-122289591,10933,
Fri 7/22/22,1658527800000,1658529660000,54600000,56460000,1860000,"196 Dry Creek Rd, Healdsburg CA 95448, US",,4001  - 4001,38625912,-122876450,4936,
Fri 7/22/22,1658527800000,1658529780000,54600000,56580000,1920000,"196 Dry Creek Rd, Healdsburg CA 95448, US",,4402  - 4402,38626051,-122876456,9207,
Fri 7/22/22,1658529180000,1658529900000,55980000,56700000,720000,"157 Harbour Way, Richmond CA 94801, US",,3801  - 3801,37933643,-122360089,8594,
Fri 7/22/22,1658529180000,1658529900000,55980000,56700000,720000,"163 Harbour Way, Richmond CA 94801, US",,3601  - 3601,37933768,-122360063,10251,
Fri 7/22/22,1658529120000,1658529900000,55920000,56700000,780000,"153 Harbour Way, Richmond CA 94801, US",,2302  - 2302,37933554,-122360118,3585,
Fri 7/22/22,1658531400000,1658532360000,58200000,59160000,1020000,"740 San Pablo Ave, Pinole CA 94564, US",,3601  - 3601,38004978,-122310636,10260,
Fri 7/22/22,1658532300000,1658533620000,59100000,60420000,1320000,"Two Rocks Trl, Castro Valley CA 94546, US",,2802  - 2802,37738561,-122112185,10417,
Fri 7/22/22,1658536200000,1658537280000,63000000,64080000,1080000,"Geneva Ave, San Francisco CA 94134, US",,4001  - 4001,37707992,-122422116,5021,
Fri 7/22/22,1658536140000,1658537820000,62940000,64620000,1680000,"Geneva Ave, San Francisco CA 94134, US",,4402  - 4402,37707784,-122422110,9249,
Fri 7/22/22,1658538120000,1658538840000,64920000,65640000,720000,"401 Parker Ave, Rodeo CA 94572, US",,2802  - 2802,38032652,-122266899,10451,
Fri 7/22/22,1658538120000,1658538960000,64920000,65760000,840000,"Gateway Blvd, South San Francisco CA 94080, US",,4001  - 4001,37651929,-122401735,5027,
Fri 7/22/22,1658542380000,1658542980000,69180000,69780000,600000,"401 Parker Ave, Rodeo CA 94572, US",,4402  - 4402,38032650,-122266797,9251,
Sat 7/23/22,1658543460000,1658587260000,70260000,27660000,43800000,"DHarris Tours, 2207 Vista Del Rio St, Vallejo 94525, US",001,4402  - 4402,38053268,-122240133,99945,
Sat 7/23/22,1658589480000,1658593080000,29880000,33480000,3660000,"3044 23rd St, San Francisco CA 94110, US",,4402  - 4402,37754199,-122413013,99945,
Sat 7/23/22,1658539260000,1658594700000,66060000,35100000,55500000,"Utah Ave, South San Francisco CA 94080, US",,4001  - 4001,37646635,-122401625,126941,
Sat 7/23/22,1658595000000,1658595300000,35400000,35700000,360000,"Mason St, San Francisco CA 94129, US",,4402  - 4402,37804063,-122455012,99945,
Sat 7/23/22,1658595000000,1658595600000,35400000,36000000,600000,"192 E Grand Ave, South San Francisco CA 94080, US",,4001  - 4001,37654172,-122401153,126942,
Sat 7/23/22,1658595540000,1658595900000,35940000,36300000,360000,"176 Sheridan Ave, San Francisco CA 94129, US",,4402  - 4402,37799351,-122458910,99945,
Sat 7/23/22,1658595900000,1658596920000,36300000,37320000,1080000,"Gateway Blvd, South San Francisco CA 94080, US",,4001  - 4001,37651833,-122401700,126943,
Sat 7/23/22,1658596200000,1658596980000,36600000,37380000,780000,"2793 Lombard St, San Francisco CA 94129, US",,4402  - 4402,37798030,-122448390,99945,
Sat 7/23/22,1658597580000,1658601960000,37980000,42360000,4380000,"Bay Trl, South San Francisco CA 94080, US",,4001  - 4001,37667736,-122381835,126945,
Sat 7/23/22,1658597220000,1658603400000,37620000,43800000,6240000,"178 Sheridan Ave, San Francisco CA 94129, US",,4402  - 4402,37799314,-122458894,99945,
Sat 7/23/22,1658603520000,1658604420000,43920000,44820000,900000,"Lincoln Blvd, San Francisco CA 94129, US",,4402  - 4402,37801561,-122463078,99945,
Sat 7/23/22,1658604960000,1658605800000,45360000,46200000,840000,"97 Graham St, San Francisco CA 94129, US",,4402  - 4402,37802261,-122455764,99945,
Sat 7/23/22,1658605860000,1658609220000,46260000,49620000,3300000,"178 Sheridan Ave, San Francisco CA 94129, US",,4402  - 4402,37799326,-122458869,99945,
Sat 7/23/22,1658609520000,1658611500000,49920000,51900000,2040000,"Mason St, San Francisco CA 94129, US",,4402  - 4402,37804078,-122455024,99945,
Sun 7/24/22,1658539260000,1658685120000,66060000,39120000,145860000,"DHarris Tours, 2207 Vista Del Rio St, Vallejo 94525, US",001,2802  - 2802,38053156,-122240191,60025,
Sun 7/24/22,1658688720000,1658690340000,42720000,44340000,1620000,"Marciel Rd, Castro Valley CA 94546, US",,2802  - 2802,37739393,-122097562,60061,
Sun 7/24/22,1658691000000,1658691360000,45000000,45360000,360000,"Two Rocks Trl, Castro Valley CA 94546, US",,2802  - 2802,37738389,-122111922,60063,
Sun 7/24/22,1658696100000,1658697120000,50100000,51120000,1020000,"Lone Tree Way, Antioch CA 94531, US",,2802  - 2802,37965092,-121779555,60113,
Mon 7/25/22,1658603520000,1658782860000,43920000,50460000,179340000,"Utah Ave, South San Francisco CA 94080, US",,4001  - 4001,37646635,-122401617,126952,
Mon 7/25/22,1658783040000,1658783880000,50640000,51480000,840000,"Gateway Blvd, South San Francisco CA 94080, US",,4001  - 4001,37651953,-122401812,126953,
Mon 7/25/22,1658784000000,1658784600000,51600000,52200000,600000,"192 E Grand Ave, South San Francisco CA 94080, US",,4001  - 4001,37654303,-122400984,126953,
Mon 7/25/22,1658699400000,1658789100000,53400000,56700000,89700000,"DHarris Tours, 2207 Vista Del Rio St, Vallejo 94525, US",001,2802  - 2802,38053783,-122241033,60144,
Tue 7/26/22,1658532180000,1658840760000,58980000,21960000,308580000,"DHarris Tours, 2207 Vista Del Rio St, Vallejo 94525, US",001,3501  - 3501,38053087,-122240320,117387,
Tue 7/26/22,1658841060000,1658841660000,22260000,22860000,600000,"401 Parker Ave, Rodeo CA 94572, US",,3501  - 3501,38032633,-122266833,117390,
Tue 7/26/22,1658616480000,1658841720000,56880000,22920000,225300000,"DHarris Tours, 2207 Vista Del Rio St, Vallejo 94525, US",001,4402  - 4402,38053161,-122240240,99945,
Tue 7/26/22,1658842080000,1658842920000,23280000,24120000,840000,"401 Parker Ave, Rodeo CA 94572, US",,4402  - 4402,38032642,-122266763,99945,
Tue 7/26/22,1658784720000,1658843820000,52320000,25020000,59040000,"157 Utah Ave, South San Francisco CA 94080, US",,4001  - 4001,37646217,-122401437,126954,
Tue 7/26/22,1658844540000,1658844960000,25740000,26160000,420000,"2658 Geneva Ave, Daly City CA 94014, US",,4001  - 4001,37707200,-122416249,126959,
Tue 7/26/22,1658845860000,1658850480000,27060000,31680000,4620000,"Geneva Ave, San Francisco CA 94134, US",,4402  - 4402,37707798,-122422203,99949,
Tue 7/26/22,1658844540000,1658850480000,25740000,31680000,5940000,"Geneva Ave, San Francisco CA 94134, US",,3501  - 3501,37708053,-122422067,117420,
Tue 7/26/22,1658845140000,1658850480000,26340000,31680000,5340000,"Geneva Ave, San Francisco CA 94134, US",,4001  - 4001,37707929,-122422202,126960,
Tue 7/26/22,1658789160000,1658853660000,56760000,34860000,64500000,"DHarris Tours, 2207 Vista Del Rio St, Vallejo 94525, US",001,2802  - 2802,38053178,-122240240,60144,
Tue 7/26/22,1658855100000,1658859120000,36300000,40320000,4020000,"Broadway St, American Canyon CA 94503, US",,2802  - 2802,38183937,-122256335,60157,
Tue 7/26/22,1658857140000,1658859240000,38340000,40440000,2100000,"Redwood Dr, Rohnert Park CA 94928, US",,3501  - 3501,38367180,-122714549,117476,
Tue 7/26/22,1658857140000,1658859240000,38340000,40440000,2100000,"Redwood Dr, Rohnert Park CA 94928, US",,4402  - 4402,38367159,-122714624,99959,
Tue 7/26/22,1658857200000,1658859240000,38400000,40440000,2100000,"Redwood Dr, Rohnert Park CA 94928, US",,4001  - 4001,38367110,-122714543,127016,
Tue 7/26/22,1658859360000,1658860560000,40560000,41760000,1140000,"554 S Napa Junction Rd, American Canyon CA 94503, US",,2802  - 2802,38177839,-122250112,60158,
Tue 7/26/22,1658860680000,1658864040000,41880000,45240000,3360000,"S Napa Junction Rd, American Canyon CA 94503, US",,2802  - 2802,38181124,-122249177,60158,
Tue 7/26/22,1658865060000,1658866080000,46260000,47280000,1020000,"Eucalyptus Dr, American Canyon CA 94503, US",,2802  - 2802,38180672,-122254193,60159,
Tue 7/26/22,1658868300000,1658869920000,49500000,51120000,1620000,"Fort Bragg CA 95437, US",,3501  - 3501,39425939,-123574175,117587,
Tue 7/26/22,1658868300000,1658869980000,49500000,51180000,1680000,"Fort Bragg CA 95437, US",,4402  - 4402,39425916,-123574080,99978,
Tue 7/26/22,1658868300000,1658870040000,49500000,51240000,1680000,"Fort Bragg CA 95437, US",,4001  - 4001,39425851,-123573995,127127,
Tue 7/26/22,1658873760000,1658874540000,54960000,55740000,720000,"1254 S Main St, Willits CA 95490, US",,3501  - 3501,39398968,-123349838,117610,
Tue 7/26/22,1658873760000,1658874540000,54960000,55740000,780000,"4 Holly St, Willits CA 95490, US",,4402  - 4402,39398804,-123350015,99990,
Tue 7/26/22,1658873820000,1658874900000,55020000,56100000,1080000,"1246 S Main St, Willits CA 95490, US",,4001  - 4001,39399050,-123350040,127151,
Tue 7/26/22,1658874600000,1658875020000,55800000,56220000,420000,"1402 S Main St, Willits CA 95490, US",,3501  - 3501,39397531,-123349661,117610,
Tue 7/26/22,1658874600000,1658875020000,55800000,56220000,420000,"1400 S Main St, Willits CA 95490, US",,4402  - 4402,39397666,-123349614,99990,
Wed 7/27/22,1658884200000,1658944500000,65400000,39300000,60300000,"DHarris Tours, 2207 Vista Del Rio St, Vallejo 94525, US",001,3501  - 3501,38053136,-122240350,117751,
Wed 7/27/22,1658867340000,1658944680000,48540000,39480000,77340000,"DHarris Tours, 2207 Vista Del Rio St, Vallejo 94525, US",001,2802  - 2802,38053445,-122240915,60172,
Wed 7/27/22,1658884440000,1658945580000,65640000,40380000,61140000,"DHarris Tours, 2207 Vista Del Rio St, Vallejo 94525, US",001,4402  - 4402,38053115,-122240119,100021,
Wed 7/27/22,1658946960000,1658948820000,41760000,43620000,1860000,"Hemme Ave, Alamo CA 94507, US",,3501  - 3501,37840450,-122027924,117776,
Wed 7/27/22,1658946960000,1658948880000,41760000,43680000,1860000,"178 Hemme Ave, Alamo CA 94507, US",,2802  - 2802,37840429,-122027732,60196,
Wed 7/27/22,1658947500000,1658948880000,42300000,43680000,1380000,"178 Hemme Ave, Alamo CA 94507, US",,4402  - 4402,37840397,-122027612,100023,
Wed 7/27/22,1658950200000,1658953020000,45000000,47820000,2820000,"9908 Broadmoor Dr, San Ramon CA 94583, US",,2802  - 2802,37747767,-121947402,60207,
Wed 7/27/22,1658950140000,1658955780000,44940000,50580000,5640000,"9910 Broadmoor Dr, San Ramon CA 94583, US",,3501  - 3501,37747932,-121947493,117786,
Wed 7/27/22,1658953260000,1658955780000,48060000,50580000,2580000,"9908 Broadmoor Dr, San Ramon CA 94583, US",,2802  - 2802,37747815,-121947435,60208,
Wed 7/27/22,1658950200000,1658955780000,45000000,50580000,5580000,"9906 Broadmoor Dr, San Ramon CA 94583, US",,4402  - 4402,37747680,-121947385,100034,
Wed 7/27/22,1658956920000,1658957220000,51720000,52020000,300000,"Hemme Ave, Alamo CA 94507, US",,3501  - 3501,37840418,-122027904,117798,
Wed 7/27/22,1658956920000,1658957460000,51720000,52260000,480000,"176 Hemme Ave, Alamo CA 94507, US",,4402  - 4402,37840404,-122027550,100034,
Wed 7/27/22,1658956920000,1658957460000,51720000,52260000,540000,"178 Hemme Ave, Alamo CA 94507, US",,2802  - 2802,37840412,-122027720,60219,
Wed 7/27/22,1658958540000,1658959080000,53340000,53880000,480000,"3051 Howe Rd, Martinez CA 94553, US",,3501  - 3501,37996373,-122120351,117813,
Wed 7/27/22,1658960520000,1658961060000,55320000,55860000,600000,"1402 San Mateo Ave, South San Francisco CA 94080, US",,2802  - 2802,37645922,-122409849,60257,
Wed 7/27/22,1658960220000,1658961420000,55020000,56220000,1260000,"1409 San Mateo Ave, South San Francisco CA 94080, US",,4402  - 4402,37646142,-122410013,100047,
Wed 7/27/22,1658961420000,1658962080000,56220000,56880000,720000,"114 Harbor Way, South San Francisco CA 94080, US",,2802  - 2802,37653482,-122400564,60258,
Wed 7/27/22,1658967600000,1658968380000,62400000,63180000,780000,"637 4th St, Rodeo CA 94572, US",,2802  - 2802,38032884,-122266718,60292,
Thu 7/28/22,1658961540000,1659012840000,56340000,21240000,51300000,"1352 Lowrie Ave, South San Francisco CA 94080, US",,4402  - 4402,37646112,-122410951,100047,
Thu 7/28/22,1659012960000,1659023100000,21360000,31500000,10140000,"1375 San Mateo Ave, South San Francisco CA 94080, US",,4402  - 4402,37644947,-122410277,100047,
Thu 7/28/22,1659023220000,1659025020000,31620000,33420000,1800000,"1411 San Mateo Ave, South San Francisco CA 94080, US",,4402  - 4402,37646233,-122410278,100047,
Thu 7/28/22,1658968680000,1659033720000,63480000,42120000,65040000,"DHarris Tours, 2207 Vista Del Rio St, Vallejo 94525, US",001,2802  - 2802,38053419,-122240836,60294,
Thu 7/28/22,1658531520000,1659034920000,58320000,43320000,503400000,"DHarris Tours, 2207 Vista Del Rio St, Vallejo 94525, US",001,3801  - 3801,38053084,-122240151,374610,
Thu 7/28/22,1659026460000,1659054060000,34860000,62460000,27600000,"1343 Lowrie Ave, South San Francisco CA 94080, US",,4402  - 4402,37645513,-122411198,100048,
Fri 7/29/22,1659054120000,1659099180000,62520000,21180000,45060000,"1354 Lowrie Ave, South San Francisco CA 94080, US",,4402  - 4402,37646282,-122410836,100048,
Fri 7/29/22,1659033780000,1659108900000,42180000,30900000,75120000,"DHarris Tours, 2207 Vista Del Rio St, Vallejo 94525, US",001,2802  - 2802,38053679,-122240568,60294,
Fri 7/29/22,1659034980000,1659109200000,43380000,31200000,74220000,"DHarris Tours, 2207 Vista Del Rio St, Vallejo 94525, US",001,3801  - 3801,38053304,-122240247,374610,
Fri 7/29/22,1659108900000,1659109620000,30900000,31620000,720000,"DHarris Tours, 2207 Vista Del Rio St, Vallejo 94525, US",001,2802  - 2802,38053489,-122240912,60294,
Fri 7/29/22,1659109560000,1659110040000,31560000,32040000,540000,"401 Parker Ave, Rodeo CA 94572, US",,3801  - 3801,38032654,-122266835,374613,
Fri 7/29/22,1659110940000,1659111360000,32940000,33360000,420000,"161 Harbour Way, Richmond CA 94801, US",,2802  - 2802,37933757,-122360132,60307,
Fri 7/29/22,1659111180000,1659112620000,33180000,34620000,1380000,"145 Harbour Way, Richmond CA 94801, US",,3801  - 3801,37933419,-122360133,374623,
Fri 7/29/22,1659111540000,1659112620000,33540000,34620000,1080000,"151 Harbour Way, Richmond CA 94801, US",,2802  - 2802,37933549,-122360107,60308,
Fri 7/29/22,1659099240000,1659115140000,21240000,37140000,15900000,"1341 Lowrie Ave, South San Francisco CA 94080, US",,4402  - 4402,37645357,-122411221,100048,
Fri 7/29/22,1659115260000,1659118860000,37260000,40860000,3600000,"1411 San Mateo Ave, South San Francisco CA 94080, US",,4402  - 4402,37646222,-122410178,100048,
Fri 7/29/22,1659114300000,1659119700000,36300000,41700000,5400000,"1247 McKay Ave, Alameda CA 94501, US",,2802  - 2802,37768927,-122278398,60323,
Fri 7/29/22,1659119220000,1659121800000,41220000,43800000,2580000,"1409 San Mateo Ave, South San Francisco CA 94080, US",,4402  - 4402,37646209,-122410187,100048,
Fri 7/29/22,1659120300000,1659123060000,42300000,45060000,2700000,"1442 Webster St, Alameda CA 94501, US",,2802  - 2802,37772587,-122276794,60324,
Fri 7/29/22,1659123300000,1659130740000,45300000,52740000,7440000,"1265 McKay Ave, Alameda CA 94501, US",,2802  - 2802,37769208,-122278384,60325,
Fri 7/29/22,1659114360000,1659130740000,36360000,52740000,16380000,"1228 McKay Ave, Alameda CA 94501, US",,3801  - 3801,37768625,-122278523,374639,
Fri 7/29/22,1659132900000,1659133800000,54900000,55800000,900000,"145 Harbour Way, Richmond CA 94801, US",,2802  - 2802,37933379,-122360111,60341,
Fri 7/29/22,1659132960000,1659133800000,54960000,55800000,840000,"153 Harbour Way, Richmond CA 94801, US",,3801  - 3801,37933572,-122360104,374655,
Fri 7/29/22,1659121920000,1659139440000,43920000,61440000,17520000,"1341 Lowrie Ave, South San Francisco CA 94080, US",,4402  - 4402,37645384,-122411220,100049,
Sat 7/30/22,1658959920000,1659195300000,54720000,30900000,235380000,"DHarris Tours, 2207 Vista Del Rio St, Vallejo 94525, US",001,3501  - 3501,38053088,-122240355,117823,
Sat 7/30/22,1659135780000,1659195960000,57780000,31560000,60120000,"DHarris Tours, 2207 Vista Del Rio St, Vallejo 94525, US",001,3801  - 3801,38053090,-122240188,374672,
Sat 7/30/22,1659135660000,1659196020000,57660000,31620000,60360000,"DHarris Tours, 2207 Vista Del Rio St, Vallejo 94525, US",001,2802  - 2802,38053727,-122240980,60357,
Sat 7/30/22,1658884920000,1659200040000,66120000,35640000,315060000,"Utah Ave, South San Francisco CA 94080, US",,4001  - 4001,37646588,-122401631,127306,
Sat 7/30/22,1659200040000,1659200400000,35640000,36000000,360000,"72 Utah Ave, South San Francisco CA 94080, US",,4001  - 4001,37645532,-122403628,127306,
Sat 7/30/22,1659197880000,1659202080000,33480000,37680000,4200000,"177 Turk St, San Francisco CA 94102, US",,3801  - 3801,37783036,-122412010,374698,
Sat 7/30/22,1659197880000,1659202080000,33480000,37680000,4200000,"185 Turk St, San Francisco CA 94102, US",,2802  - 2802,37783037,-122412161,60384,
Sat 7/30/22,1659197460000,1659202140000,33060000,37740000,4680000,"244 Turk St, San Francisco CA 94102, US",,3501  - 3501,37782972,-122413167,117849,
Sat 7/30/22,1659201240000,1659203940000,36840000,39540000,2700000,"Bay Trl, South San Francisco CA 94080, US",,4001  - 4001,37667398,-122382014,127309,
Sat 7/30/22,1659203640000,1659204000000,39240000,39600000,420000,"97 Graham St, San Francisco CA 94129, US",,3501  - 3501,37802245,-122455796,117853,
Sat 7/30/22,1659203640000,1659204000000,39240000,39600000,360000,"1 Graham St, San Francisco CA 94129, US",,3801  - 3801,37802437,-122455501,374702,
Sat 7/30/22,1659203640000,1659204060000,39240000,39660000,360000,"98 Graham St, San Francisco CA 94129, US",,2802  - 2802,37802352,-122455699,60388,
Sat 7/30/22,1659204060000,1659204420000,39660000,40020000,360000,"Anza St, San Francisco CA 94129, US",,2802  - 2802,37801365,-122457225,60388,
Sat 7/30/22,1659204660000,1659205500000,40260000,41100000,840000,"Gateway Blvd, South San Francisco CA 94080, US",,4001  - 4001,37651875,-122401748,127311,
Sat 7/30/22,1659204120000,1659218520000,39720000,54120000,14400000,"178 Sheridan Ave, San Francisco CA 94129, US",,3501  - 3501,37799289,-122458893,117853,
Sat 7/30/22,1659204480000,1659218580000,40080000,54180000,14040000,"Anza St, San Francisco CA 94129, US",,3801  - 3801,37799397,-122458736,374702,
Sat 7/30/22,1659204480000,1659218880000,40080000,54480000,14400000,"178 Sheridan Ave, San Francisco CA 94129, US",,2802  - 2802,37799293,-122458871,60388,
Sat 7/30/22,1659218700000,1659220980000,54300000,56580000,2280000,"French Ct, San Francisco CA 94129, US",,3501  - 3501,37802468,-122455282,117854,
Sat 7/30/22,1659218760000,1659221040000,54360000,56640000,2280000,"French Ct, San Francisco CA 94129, US",,3801  - 3801,37802416,-122455163,374703,
Sat 7/30/22,1659219060000,1659221040000,54660000,56640000,1920000,"French Ct, San Francisco CA 94129, US",,2802  - 2802,37802418,-122455104,60388,
Sat 7/30/22,1659222720000,1659223080000,58320000,58680000,360000,"222 Turk St, San Francisco CA 94102, US",,2802  - 2802,37783039,-122412819,60392,
Sat 7/30/22,1659222660000,1659223080000,58260000,58680000,420000,"254 Turk St, San Francisco CA 94102, US",,3501  - 3501,37782921,-122413355,117857,
Sat 7/30/22,1659222660000,1659223140000,58260000,58740000,480000,"239 Turk St, San Francisco CA 94102, US",,3801  - 3801,37782891,-122413050,374707,
Sat 7/30/22,1659223680000,1659224460000,59280000,60060000,840000,"887 Folsom St, San Francisco CA 94107, US",,2802  - 2802,37780442,-122403020,60394,
