drop database SS_Bozo;
CREATE DATABASE SS_Bozo;

insert into SS_System.Company (Company, Created, Active)
Values('SS_Bozo', sysdate(),1);

use SS_Bozo;

CREATE TABLE `Company` (
  `CompanyID` int(11) NOT NULL auto_increment,
  `Company` varchar(100) default NULL,
  `CompanyAddress1` varchar(100) default NULL,
  `CompanyAddress2` varchar(100) default NULL,
  `CompanyCity` varchar(100) default NULL,
  `CompanyState` varchar(10) default NULL,
  `CompanyZip` varchar(25) default NULL,
  `CompanyPhone` varchar(50) default NULL,
  `CompanyFax` varchar(25) default NULL,
  `CompanyContactName` varchar(100) default NULL,
  `CompanyEmail` varchar(100) default NULL,
  `CompanyAltEmail` varchar(100) default NULL,
  `CompanyLocation` varchar(100) default NULL,
  `ParentID` int(11) default NULL,
  `Created` datetime NOT NULL,
  `LastModified` timestamp NOT NULL default CURRENT_TIMESTAMP on update CURRENT_TIMESTAMP,
  `Active` tinyint(4) NOT NULL default '1',
  PRIMARY KEY  (`CompanyID`),
  KEY `ParentID` (`ParentID`),
  CONSTRAINT `Company_ibfk_1` FOREIGN KEY (`ParentID`) REFERENCES `Company` (`CompanyID`)
) ENGINE=InnoDB DEFAULT CHARSET=UTF8 COMMENT='Customer data used for Company or Department identification';


CREATE TABLE `Business` (
  `BusinessID` int(11) NOT NULL auto_increment,
  `BusinessName` varchar(100) default NULL,
  `Email` varchar(100) default NULL,
  `AttnTo` varchar(50) default NULL,
  `Address1` varchar(50) default NULL,
  `Address2` varchar(50) default NULL,
  `City` varchar(100) default NULL,
  `State` char(2) default NULL,
  `Zip` varchar(10) default NULL,
  `Phone` varchar(20) default NULL,
  `Fax` varchar(20) default NULL,
  `BillAttnTo` varchar(50) default NULL,
  `BillAddress1` varchar(50) default NULL,
  `BillAddress2` varchar(50) default NULL,
  `BillCity` varchar(100) default NULL,
  `BillState` char(2) default NULL,
  `BillZip` varchar(10) default NULL,
  `BillPhone` varchar(20) default NULL,
  `BillFax` varchar(20) default NULL,
  `ShipAttnTo` varchar(50) default NULL,
  `ShipAddress1` varchar(50) default NULL,
  `ShipAddress2` varchar(50) default NULL,
  `ShipCity` varchar(100) default NULL,
  `ShipState` char(2) default NULL,
  `ShipZip` varchar(10) default NULL,
  `ShipPhone` varchar(20) default NULL,
  `ShipFax` varchar(20) default NULL,
  `CashOnly` tinyint(4) default NULL,
  `Comments` varchar(250) default NULL,
  `CreditLock` tinyint(4) default NULL,
  `LockedBy` int(11) default NULL,
  `Created` datetime default NULL,
  `LastUpdated` timestamp NOT NULL default CURRENT_TIMESTAMP on update CURRENT_TIMESTAMP,
  `Active` tinyint(4) default NULL,
  PRIMARY KEY  (`BusinessID`)
) ENGINE=InnoDB DEFAULT CHARSET=UTF8;

CREATE TABLE `PayGroup` (
  `PayGroupiD` int(11) NOT NULL auto_increment,
  `PayGroup` varchar(100) default NULL,
  `Name` varchar(50) NOT NULL,
  `PayType` char(1) NOT NULL,
  `PayFreq` int(11) NOT NULL default '24',
  `MinWageEx` tinyint(4) NOT NULL default '0',
  `OverTimeEx` tinyint(4) NOT NULL default '0',
  `DayOfWeek` int(10) unsigned default '6',
  `FirstBillDT` int(10) unsigned default '1',
  `LastBillDT` int(10) unsigned default '15',
  PRIMARY KEY  (`PayGroupiD`)
) ENGINE=InnoDB DEFAULT CHARSET=UTF8;

CREATE TABLE `Employee` (
  `EmployeeID` int(11) NOT NULL auto_increment,
  `Employee` varchar(100) NOT NULL default '',
  `CompanyID` int(11) NOT NULL,
  `Email` varchar(100) default NULL,
  `AltEmail` varchar(100) default NULL,
  `EmployeeNum` int(11) default NULL,
  `FirstName` varchar(50) default NULL,
  `MiddleName` varchar(25) default NULL,
  `LastName` varchar(50) NOT NULL default '',
  `Title` varchar(100) default NULL,
  `Department` varchar(50) default NULL,
  `PayStatus` varchar(50) NOT NULL default '',
  `JobStatus` varchar(50) NOT NULL default '',
  `OfficeStatus` varchar(50) default NULL,
  `HireDate` date default NULL,
  `TerminationDate` date default NULL,
  `Office` varchar(50) default NULL,
  `OfficeAddress` varchar(50) default NULL,
  `OfficeCity` varchar(50) default NULL,
  `OfficeState` char(2) default NULL,
  `OfficeZip` varchar(10) default NULL,
  `Phone` varchar(25) default NULL,
  `Cell` varchar(25) default NULL,
  `Extension` varchar(50) default NULL,
  `Location` varchar(50) NOT NULL default '',
  `Address` varchar(50) default NULL,
  `City` varchar(50) default NULL,
  `State` char(2) default NULL,
  `Zip` varchar(10) default NULL,
  `SupervisorID` int(11) default NULL,
  `PayrollID` int(11) NOT NULL default '0',
  `PayGroupID` int(11) NOT NULL default '1',
  `Notes` longtext,
  `VacationHours` decimal(7,2) NOT NULL default '0.00',
  `SickHours` decimal(7,2) NOT NULL default '0.00',
  `Rate` float unsigned NOT NULL default '10',
  `Gender` char(1) default NULL,
  `BirthDate` date default NULL,
  `SSN` char(9) default NULL,
  `YearSalary` float unsigned NOT NULL,
  `HourlyRate` float unsigned NOT NULL,
  `Created` datetime default NULL,
  `LastModified` timestamp NOT NULL default CURRENT_TIMESTAMP on update CURRENT_TIMESTAMP,
  `Active` tinyint(4) NOT NULL default '1',
  PRIMARY KEY  (`EmployeeID`),
  KEY `CompanyID` (`CompanyID`,`SupervisorID`),
  KEY `SupervisorID` (`SupervisorID`),
  KEY `PayGroupID` (`PayGroupID`),
  CONSTRAINT `Employee_ibfk_1` FOREIGN KEY (`CompanyID`) REFERENCES `Company` (`CompanyID`),
  CONSTRAINT `Employee_ibfk_2` FOREIGN KEY (`SupervisorID`) REFERENCES `Employee` (`EmployeeID`),
  CONSTRAINT `Employee_ibfk_3` FOREIGN KEY (`PayGroupID`) REFERENCES `PayGroup` (`PayGroupiD`)
) ENGINE=InnoDB DEFAULT CHARSET=UTF8;

CREATE TABLE `Login` (
  `LoginID` int(11) NOT NULL auto_increment,
  `Login` varchar(100) NOT NULL default '',
  `Passwd` varchar(50) NOT NULL default '',
  `FirstName` varchar(75) NOT NULL default '',
  `LastName` varchar(75) NOT NULL default '',
  `Email` varchar(75) NOT NULL default '',
  `JabberID` varchar(100) NOT NULL default '',
  `Phone` varchar(25) NOT NULL default '',
  `Extension` varchar(25) NOT NULL default '',
  `HomePhone` varchar(25) NOT NULL default '',
  `Access` bigint(20) NOT NULL default '0',
  `ProcessAccess` bigint(20) NOT NULL default '0',
  `ModulePref` bigint(20) NOT NULL default '0',
  `ProcessPref` bigint(20) NOT NULL default '0',
  `InitialProcess` int(11) NOT NULL default '0',
  `Alerts` varchar(25) NOT NULL default '',
  `Created` datetime default NULL,
  `LastModified` timestamp NOT NULL default CURRENT_TIMESTAMP,
  `LastLogin` datetime NOT NULL default '0000-00-00 00:00:00',
  `LastSeen` datetime NOT NULL default '0000-00-00 00:00:00',
  `LoggedIn` tinyint(1) NOT NULL default '0',
  `ClockedIn` tinyint(4) default '0',
  `Notes` text,
  `EmployeeID` int(11) default NULL,
  `BusinessID` int(11) default NULL,
  `SupervisorID` int(11) default NULL,
  `ClockinReminder` tinyint(1) NOT NULL default '1',
  `AutoLogin` tinyint(1) NOT NULL default '1',
  `TimeclockStyle` varchar(50) NOT NULL default 'relog.swf',
  `NavAccess` varchar(200) default NULL,
  PRIMARY KEY  (`LoginID`),
  KEY `Email` (`Email`)
) ENGINE=InnoDB DEFAULT CHARSET=UTF8;

CREATE TABLE `Groups` (
  `GroupsID` int(15) NOT NULL auto_increment,
  `Groups` varchar(50) NOT NULL default '',
  `Access` int(15) NOT NULL default '0',
  `Created` datetime default NULL,
  `LastModified` timestamp NOT NULL default CURRENT_TIMESTAMP on update CURRENT_TIMESTAMP,
  PRIMARY KEY  (`GroupsID`)
) ENGINE=Innodb DEFAULT CHARSET=UTF8;

CREATE TABLE `UserAccess` (
  `EmployeeID` int(11) NOT NULL,
  `ObjectID` int(11) NOT NULL,
  `UserAccess` varchar(100) default NULL,
  KEY `EmployeeID` (`EmployeeID`),
  KEY `ObjectID` (`ObjectID`),
  CONSTRAINT `UserAccess_ibfk_1` FOREIGN KEY (`EmployeeID`) REFERENCES `Employee` (`EmployeeID`)
  )
  ENGINE=InnoDB DEFAULT CHARSET=utf8;


CREATE TABLE `Process` (
  `ProcessID` int(10) unsigned NOT NULL auto_increment,
  `ParentID` int(15) unsigned NOT NULL default '0',
  `ModuleID` int(15) unsigned NOT NULL default '0',
  `Process` varchar(75) NOT NULL default '',
  `Resource` varchar(75) NOT NULL default '',
  `URL` varchar(200) NOT NULL default '',
  `Template` varchar(75) NOT NULL default '',
  `Form` varchar(100) NOT NULL default '',
  `Help` varchar(100) NOT NULL default '',
  `JS` varchar(200) NOT NULL default '',
  `SubmitHandler` varchar(100) NOT NULL default '',
  `OverviewQuery` text,
  `OverviewFunction` varchar(200) NOT NULL default '',
  `OverviewHeight` varchar(25) NOT NULL default '150px',
  `SearchFields` varchar(200) NOT NULL default '',
  `PreCondition` varchar(75) NOT NULL default '',
  `PreAction` varchar(75) NOT NULL default '',
  `PreFail` varchar(75) NOT NULL default '',
  `PostCondition` varchar(75) NOT NULL default '',
  `PostAction` varchar(75) NOT NULL default '',
  `PostFail` varchar(75) NOT NULL default '',
  `Access` bigint(20) NOT NULL default '0',
  `Buttons` int(11) default '7',
  `Sequence` int(11) default NULL,
  `ConditionID` int(11) default NULL,
  `NoTrack` tinyint(1) NOT NULL default '0',
  `NoTable` tinyint(1) NOT NULL default '0',
  `NoSearch` tinyint(1) NOT NULL default '0',
  PRIMARY KEY  (`ProcessID`),
  KEY `Index_2` (`ModuleID`),
  KEY `Index_3` (`Access`),
  KEY `Access` (`Access`)
) ENGINE=InnoDB DEFAULT CHARSET=UTF8;

CREATE TABLE `Action` (
  `ActionID` int(15) NOT NULL auto_increment,
  `ProcessID` int(15) unsigned NOT NULL default '0',
  `Action` varchar(75) NOT NULL default '',
  `Resource` varchar(75) NOT NULL default '',
  `Template` varchar(75) NOT NULL default '',
  `JS` varchar(200) NOT NULL default '',
  `PreCondition` varchar(75) NOT NULL default '',
  `PreAction` varchar(75) NOT NULL default '',
  `PreFail` varchar(75) NOT NULL default '',
  `PostCondition` varchar(75) NOT NULL default '',
  `PostAction` varchar(75) NOT NULL default '',
  `PostFail` varchar(75) NOT NULL default '',
  `Access` int(30) NOT NULL default '0',
  `Buttons` int(11) default '7',
  PRIMARY KEY  (`ActionID`),
  KEY `Index_2` (`ProcessID`)
) ENGINE=InnoDB DEFAULT CHARSET=utf8;

CREATE TABLE `StaticList` (
  `StaticListID` int(11) NOT NULL auto_increment,
  `Name` varchar(100) default NULL,
  `DefaultValue` varchar(100) default NULL,
  `Description` text,
  PRIMARY KEY  (`StaticListID`)
) ENGINE=InnoDB DEFAULT CHARSET=UTF8;

CREATE TABLE `StaticListItem` (
  `StaticListItemID` int(11) NOT NULL auto_increment,
  `Caption` varchar(100) default NULL,
  `Value` varchar(100) default NULL,
  `Sequence` int(11) default NULL,
  `StaticListID` int(11) default NULL,
  PRIMARY KEY  (`StaticListItemID`)
) ENGINE=InnoDB DEFAULT CHARSET=UTF8;

CREATE TABLE `Bug` (
  `BugID` int(15) NOT NULL auto_increment,
  `Title` varchar(200) NOT NULL default '',
  `Bug` text,
  `Resource` varchar(100) NOT NULL default '',
  `Notes` text,
  `Status` varchar(50) default NULL,
  `Owner` varchar(50) NOT NULL default '',
  `AssignedBy` varchar(100) NOT NULL default '',
  `Category` varchar(20) NOT NULL default 'Bug',
  `Priority` varchar(50) NOT NULL default '',
  `Module` varchar(100) default NULL,
  `Process` varchar(100) default NULL,
  `Object` text,
  `Created` datetime NOT NULL default '0000-00-00 00:00:00',
  `LastModified` timestamp NOT NULL default CURRENT_TIMESTAMP on update CURRENT_TIMESTAMP,
  `Section` varchar(100) default NULL,
  PRIMARY KEY  (`BugID`)
) ENGINE=InnoDB DEFAULT CHARSET=utf8;

CREATE TABLE `Module` (
  `ModuleID` int(10) unsigned NOT NULL auto_increment,
  `Module` varchar(45) NOT NULL default '',
  `Resource` varchar(75) NOT NULL default '',
  `URL` varchar(200) NOT NULL default '',
  `Template` varchar(100) NOT NULL default '',
  `Form` varchar(100) NOT NULL default '',
  `Help` varchar(100) NOT NULL default '',
  `ClassName` varchar(50) NOT NULL default '',
  `JS` varchar(200) NOT NULL default '',
  `SubmitHandler` varchar(100) NOT NULL default '',
  `OverviewQuery` varchar(200) NOT NULL default '',
  `OverviewFunction` varchar(200) NOT NULL default '',
  `PreCondition` varchar(75) NOT NULL default '',
  `PreAction` varchar(75) NOT NULL default '',
  `PreFail` varchar(75) NOT NULL default '',
  `PostCondition` varchar(75) NOT NULL default '',
  `PostAction` varchar(75) NOT NULL default '',
  `PostFail` varchar(75) NOT NULL default '',
  `Access` int(10) unsigned NOT NULL default '0',
  `Buttons` int(11) default '7',
  `Sequence` int(3) NOT NULL default '0',
  PRIMARY KEY  (`ModuleID`),
  KEY `Access` (`Access`)
) ENGINE=InnoDB DEFAULT CHARSET=UTF8 COMMENT='Defines all modules';

CREATE TABLE `Condition` (
  `ConditionID` int(15) NOT NULL auto_increment,
  `ProcessID` int(11) NOT NULL default '0',
  `Condition` varchar(100) default NULL,
  `isSuccessIDCondition` tinyint(1) default NULL,
  `isFailureIDCondition` tinyint(1) default NULL,
  `SuccessID` int(11) NOT NULL default '0',
  `FailureID` int(11) NOT NULL default '0',
  `Created` datetime default NULL,
  `LastModified` timestamp NOT NULL default CURRENT_TIMESTAMP on update CURRENT_TIMESTAMP,
  `Notes` text,
  `Sequence` int(11) NOT NULL default '0',
  PRIMARY KEY  (`ConditionID`)
) ENGINE=InnoDB DEFAULT CHARSET=UTF8;

CREATE TABLE `Clamp` (
  `Local` varchar(50) NOT NULL default '',
  `LocalID` int(15) NOT NULL default '0',
  `Remote` varchar(50) NOT NULL default '',
  `RemoteID` int(15) NOT NULL default '0',
  `ClampID` int(15) unsigned NOT NULL auto_increment,
  `Created` datetime default NULL,
  `LastModified` timestamp NOT NULL default CURRENT_TIMESTAMP on update CURRENT_TIMESTAMP,
  PRIMARY KEY  (`ClampID`),
  KEY `tbls` (`Local`,`Remote`),
  KEY `ids` (`LocalID`,`RemoteID`),
  KEY `Remote` (`Remote`),
  KEY `RemoteID` (`RemoteID`)
) ENGINE=MyISAM DEFAULT CHARSET=latin1;

CREATE TABLE `JobList` (
  `JobID` int(11) NOT NULL auto_increment,
  `JobContractID` int(11) default NULL,
  `RequestedJobDate` datetime NOT NULL,
  `BusinessID` int(11) default NULL,
  `BusinessLocation` varchar(50) default NULL,
  `ContactName` varchar(50) default NULL,
  `ContactPhone` varchar(25) default NULL,
  `PickupLocation` varchar(100) default NULL,
  `DropOffLocation` varchar(100) default NULL,
  `FinalDropOffLocation` varchar(100) default NULL,
  `PickupTime` datetime default NULL,
  `DropOffTime` datetime default NULL,
  `NumberOfItems` int(11) default NULL,
  `Description` char(50) default NULL,
  `Budget` float default NULL,
  `SpecialInstructions` varchar(50) default NULL,
  `RequestDate` datetime default NULL,
  `Hours` float default NULL,
  `Quote` float default NULL,
  `ChargeAmt` float default NULL,
  `Tax` float default NULL,
  `Confirmed` tinyint(1) default '0',
  `Invoiced` tinyint(1) default '0',
  `JobCompleted` tinyint(1) default '0',
  `JobCancelled` tinyint(1) default '0',
  `EmployeeID` int(11) default NULL,
  `EmployeeAmt` float default NULL,
  `SalesPerson_EmployeeID` int(11) default NULL,
  `CommissionAmt` float default NULL,
  `ActualDate` datetime default NULL,
  `ActualStartTime` datetime default NULL,
  `ActualEndTime` datetime default NULL,
  `ActualStartMiles` int(11) default NULL,
  `ActualEndMiles` int(11) default NULL,
  `Created` datetime default NULL,
  `LastUpdated` timestamp NOT NULL default CURRENT_TIMESTAMP on update CURRENT_TIMESTAMP,
  PRIMARY KEY  (`JobID`)
) ENGINE=InnoDB DEFAULT CHARSET=UTF8;

CREATE TABLE `JobContract` (
  `JobContractID` int(11) NOT NULL auto_increment,
  `ContractDate` datetime NOT NULL,
  `BusinessID` int(11) default NULL,
  `BusinessLocation` varchar(50) default NULL,
  `ContactName` varchar(50) default NULL,
  `ContactPhone` varchar(25) default NULL,
  `PickupLocation` varchar(100) default NULL,
  `DropOffLocation` varchar(100) default NULL,
  `FinalDropOffLocation` varchar(100) default NULL,
  `PickupTime` datetime default NULL,
  `DropOffTime` datetime default NULL,
  `NumberOfItems` int(11) default NULL,
  `Description` char(50) default NULL,
  `Budget` float default NULL,
  `SpecialInstructions` varchar(50) default NULL,
  `Hours` float default NULL,
  `Quote` float default NULL,
  `StartDate` datetime default NULL,
  `EndDate` datetime default NULL,
  `FreqInSec` int(11) default NULL,
  `TotalJobs` int(11) default NULL,
  `SalesPerson_EmployeeID` int(11) default NULL,
  `CommissionAmt` float default NULL,
  `EmployeeID` int(11) default NULL,
  `EmployeeAmt` float default NULL,
  `Confirmed` tinyint(1) default NULL,
  `Created` datetime default NULL,
  `LastUpdated` timestamp NOT NULL default CURRENT_TIMESTAMP on update CURRENT_TIMESTAMP,
  PRIMARY KEY  (`JobContractID`)
) ENGINE=InnoDB DEFAULT CHARSET=UTF8;

CREATE TABLE `JobInvoice` (
  `JobInvoiceID` int(11) NOT NULL auto_increment,
  `JobContractID` int(11) default NULL,
  `JobID` int(11) default NULL,
  `BusinessID` int(11) default NULL,
  `Description` varchar(50) default NULL,
  `InvoiceDate` datetime default NULL,
  `InvoiceAmt` float default NULL,
  `Tax` float default NULL,
  `SalesPerson_EmployeeID` int(11) default NULL,
  `CommissionAmt` float default NULL,
  `EmployeeID` int(11) default NULL,
  `EmployeeAmt` float default NULL,
  `ActualDate` datetime default NULL,
  `StartTime` datetime default NULL,
  `EndTime` datetime default NULL,
  `StartMiles` float default NULL,
  `EndMiles` float default NULL,
  `PaidAmt` float default NULL,
  `CheckNum` varchar(30) default NULL,
  `CheckDate` datetime default NULL,
  `Created` datetime default NULL,
  `LastUpdated` timestamp NOT NULL default CURRENT_TIMESTAMP on update CURRENT_TIMESTAMP,
  PRIMARY KEY  (`JobInvoiceID`)
) ENGINE=InnoDB DEFAULT CHARSET=UTF8;

CREATE TABLE `Chart` (
  `ChartID` int(15) NOT NULL auto_increment,
  `Chart` varchar(100) NOT NULL default '',
  `Type` varchar(50) NOT NULL default '',
  `Title` varchar(100) NOT NULL default '',
  `TitleX` varchar(100) NOT NULL default '',
  `TitleY` varchar(100) NOT NULL default '',
  `LabelXAngle` int(3) NOT NULL default '0',
  `LabelYAngle` int(3) NOT NULL default '0',
  `Query` text,
  `Height` int(4) default '300',
  `Width` int(4) default '400',
  `Function` varchar(150) NOT NULL default '',
  `Created` datetime default NULL,
  `LastModified` timestamp NOT NULL default CURRENT_TIMESTAMP on update CURRENT_TIMESTAMP,
  `Notes` text,
  PRIMARY KEY  (`ChartID`)
) ENGINE=InnoDB DEFAULT CHARSET=utf8;

CREATE TABLE `Chat` (
  `ChatID` int(15) NOT NULL auto_increment,
  `Chat` text,
  `UserID` varchar(50) NOT NULL default '',
  `Created` datetime default NULL,
  `LastModified` timestamp NOT NULL default CURRENT_TIMESTAMP on update CURRENT_TIMESTAMP,
  `SenderID` varchar(50) NOT NULL default '',
  `ContentType` varchar(50) NOT NULL default 'text/html',
  `Notified` tinyint(1) NOT NULL default '0',
  PRIMARY KEY  (`ChatID`)
) ENGINE=InnoDB DEFAULT CHARSET=utf8;

CREATE TABLE `EmpDayTot` (
  `EmpDayTotID` int(11) NOT NULL auto_increment,
  `EmpDayTot` varchar(100) default NULL,
  `EmployeeID` int(11) default NULL,
  `WorkDate` datetime default NULL,
  `FirstSeen` datetime default NULL,
  `TimeOut1` datetime default NULL,
  `TimeIn1` datetime default NULL,
  `TimeOut2` datetime default NULL,
  `TimeIn2` datetime default NULL,
  `TimeOut3` datetime default NULL,
  `TimeIn3` datetime default NULL,
  `LastSeen` datetime default NULL,
  `TotalHours` decimal(10,0) default NULL,
  `RegHours` decimal(10,0) default NULL,
  `OTHours` decimal(10,0) default NULL,
  `DTHours` decimal(10,0) default NULL,
  `UpdatedBy` int(11) default NULL,
  `Created` datetime default NULL,
  `LastUpdated` timestamp NOT NULL default CURRENT_TIMESTAMP on update CURRENT_TIMESTAMP,
  PRIMARY KEY  (`EmpDayTotID`),
  KEY `EmployeeID` (`EmployeeID`),
  CONSTRAINT `EmpDayTot_ibfk_1` FOREIGN KEY (`EmployeeID`) REFERENCES `Employee` (`EmployeeID`)
) ENGINE=InnoDB DEFAULT CHARSET=UTF8;

CREATE TABLE `Event` (
  `EventID` int(11) NOT NULL auto_increment,
  `Event` varchar(100) default NULL,
  `EventTime` timestamp NOT NULL default CURRENT_TIMESTAMP on update CURRENT_TIMESTAMP,
  `EmployeeID` int(11) default NULL,
  `StatusChgInd` tinyint(4) default NULL,
  `StatusChgTo` tinyint(4) default NULL,
  `TaskID` int(11) default NULL,
  `TaskEvent` varchar(5) default NULL,
  PRIMARY KEY  (`EventID`),
  KEY `EmployeeID` (`EmployeeID`),
  CONSTRAINT `Event_ibfk_1` FOREIGN KEY (`EmployeeID`) REFERENCES `Employee` (`EmployeeID`)
) ENGINE=InnoDB DEFAULT CHARSET=UTF8;

CREATE TABLE `Message` (
  `MessageID` int(15) NOT NULL auto_increment,
  `Message` varchar(100) NOT NULL default '',
  `Content` text,
  `ReplyTo` varchar(75) NOT NULL default '',
  `Type` varchar(50) NOT NULL default '',
  `ProcessID` int(15) NOT NULL default '0',
  `Condition` varchar(150) NOT NULL default '',
  `Query` text,
  `Created` datetime default NULL,
  `LastModified` timestamp NOT NULL default CURRENT_TIMESTAMP on update CURRENT_TIMESTAMP,
  `Notes` text,
  PRIMARY KEY  (`MessageID`),
  KEY `ProcessID` (`ProcessID`),
  KEY `Type` (`Type`)
) ENGINE=InnoDB DEFAULT CHARSET=UTF8;

CREATE TABLE `Nav` (
  `NavID` int(15) unsigned NOT NULL auto_increment,
  `Nav` varchar(50) NOT NULL default '',
  `Name` varchar(100) NOT NULL default '',
  `URL` varchar(150) NOT NULL default '',
  `File` varchar(100) NOT NULL,
  `ClassName` varchar(50) NOT NULL default 'node',
  `JS` varchar(150) NOT NULL default '',
  `Target` varchar(50) NOT NULL default '',
  `HasChild` tinyint(1) NOT NULL default '0',
  `Display` varchar(15) NOT NULL default 'Active',
  `Sequence` int(4) NOT NULL default '0',
  `ParentID` int(15) unsigned NOT NULL default '0',
  `Active` tinyint(1) default '1',
  `Created` datetime default NULL,
  `LastModified` timestamp NOT NULL default CURRENT_TIMESTAMP on update CURRENT_TIMESTAMP,
  `TopLevel` tinyint(1) NOT NULL default '1',
  `NoNav` tinyint(1) NOT NULL default '0',
  `Access` text,
  PRIMARY KEY  (`NavID`),
  KEY `ParentID` (`ParentID`),
  KEY `Nav` (`Nav`),
  KEY `HasChild` (`HasChild`),
  KEY `Active` (`Active`),
  KEY `Display` (`Display`)
) ENGINE=InnoDB DEFAULT CHARSET=UTF8;

CREATE TABLE `PayHist` (
  `PayHistID` int(11) NOT NULL auto_increment,
  `PayHist` varchar(100) default NULL,
  `BatchNum` int(11) default NULL,
  `EmployeeID` int(11) default NULL,
  `EmployeeNum` varchar(10) default NULL,
  `CompanyID` int(11) default NULL,
  `PayDate` datetime default NULL,
  `PayPeriod` varchar(20) default NULL,
  `StartDate` datetime default NULL,
  `EndDate` datetime default NULL,
  `Rate` float default NULL,
  `PayType` char(1) default NULL,
  `PayFreq` int(11) default NULL,
  `MinWageEx` tinyint(4) default NULL,
  `OverTimeEx` tinyint(4) default NULL,
  `TotalPaid` float default NULL,
  `RegPay` float default NULL,
  `OverPay` float default NULL,
  `Additions` float default NULL,
  `Deductions` float default NULL,
  `Created` datetime default NULL,
  `LastUpdated` timestamp NOT NULL default CURRENT_TIMESTAMP on update CURRENT_TIMESTAMP,
  `UpdatedBy_EmployeeID` int(11) default NULL,
  PRIMARY KEY  (`PayHistID`),
  KEY `EmployeeID` (`EmployeeID`,`CompanyID`),
  KEY `CompanyID` (`CompanyID`)
) ENGINE=InnoDB DEFAULT CHARSET=UTF8;

CREATE TABLE `Calendar` (
  `CalendarID` int NOT NULL auto_increment,
  `Calendar` varchar(100) NOT NULL default '',
  `Created` datetime default NULL,
  `LastModified` timestamp NOT NULL default CURRENT_TIMESTAMP on update CURRENT_TIMESTAMP,
  `Notes` text,
  `StartDateTime` datetime default NULL,
  `Duration` int default NULL,
  `LoginID` int NOT NULL default '0',
  PRIMARY KEY  (`CalendarID`)
) ENGINE=InnoDB DEFAULT CHARSET=utf8;


CREATE TABLE `Clamp` (
  `Local` varchar(50) NOT NULL default '',
  `LocalID` int NOT NULL default '0',
  `Remote` varchar(50) NOT NULL default '',
  `RemoteID` int NOT NULL default '0',
  `ClampID` int unsigned NOT NULL auto_increment,
  `Created` datetime default NULL,
  `LastModified` timestamp NOT NULL default CURRENT_TIMESTAMP on update CURRENT_TIMESTAMP,
  PRIMARY KEY  (`ClampID`),
  KEY `tbls` (`Local`,`Remote`),
  KEY `ids` (`LocalID`,`RemoteID`),
  KEY `Remote` (`Remote`),
  KEY `RemoteID` (`RemoteID`)
) ENGINE=InnoDB DEFAULT CHARSET=utf8;


CREATE PROCEDURE `GenerateInvoice`()
BEGIN
INSERT INTO JobInvoice
  (JobContractID, 
  JobID, 
  BusinessID, 
  Description, 
  InvoiceDate, 
  InvoiceAmt, 
  Tax, 
  SalesPerson_EmployeeID, 
  CommissionAmt, 
  EmployeeID, 
  EmployeeAmt, 
  ActualDate, 
  StartTime, 
  EndTime, 
  StartMiles, 
  EndMiles, 
  Created)
SELECT 
  JobContractID, 
  JobID, 
  BusinessID, 
  Description, 
  sysdate(),
  ChargeAmt, 
  Tax,
  SalesPerson_EmployeeID, 
  CommissionAmt, 
  EmployeeID, 
  EmployeeAmt, 
  ActualDate, 
  ActualStartTime, 
  ActualEndTime, 
  ActualStartMiles, 
  ActualEndMiles,
  sysdate()
FROM JobList
WHERE 
  not (JobCancelled)
   and (Invoiced)
   and (JobCompleted);
UPDATE JobList a
SET Invoiced = 1
WHERE   
  not (JobCancelled)
   and (Invoiced)
   and (JobCompleted)
   AND
EXISTS(SELECT JobInvoiceID 
    FROM JobInvoice b
    WHERE b.JobID = a.JobID);
END;


CREATE PROCEDURE `GenerateJobs`()
BEGIN

  DECLARE done BOOLEAN DEFAULT 0;
  DECLARE JCID INT;
  DECLARE TJobs INT;
  DECLARE FSec INT;
  DECLARE Cnt INT;
  DECLARE SDate DATETIME; 
  DECLARE sqls varchar(500);
  DECLARE cur1 CURSOR FOR 
select 
    JobContractID, TotalJobs, FreqInSec, StartDate
FROM JobContract a
where Confirmed = 1
and not exists(
    select JobContractID from JobList b
    where a.JobContractID = b.JobContractID);
    
  DECLARE CONTINUE HANDLER FOR SQLSTATE '02000' SET done = 1;    
  
  OPEN cur1;
  
  REPEAT
    FETCH cur1 INTO JCID, TJobs, FSec, SDate;  
    IF NOT done THEN                         
    set Cnt= 0;        
      WHILE TJobs > Cnt DO    
         SET Cnt = Cnt + 1;     

insert into JobList
   (JobContractID, 
   RequestedJobDate, 
   BusinessID, 
   BusinessLocation, 
   ContactName, 
   ContactPhone, 
   PickupLocation, 
   DropOffLocation, 
   FinalDropOffLocation, 
   PickupTime, 
   DropOffTime, 
   NumberOfItems, 
   Description, 
   Budget, 
   SpecialInstructions, 
   RequestDate, 
   Hours, 
   Quote, 
   EmployeeID, 
   EmployeeAmt, 
   SalesPerson_EmployeeID, 
   CommissionAmt)
select 
    JobContractID,   
    DATE_ADD(SDate, INTERVAL (FSec * CNT) SECOND),
    BusinessID, 
    BusinessLocation, 
    ContactName, 
    ContactPhone, 
    PickupLocation, 
    DropOffLocation, 
    FinalDropOffLocation, 
    PickupTime, 
    DropOffTime, 
    NumberOfItems, 
    Description, 
    Budget, 
    SpecialInstructions, 
    ContractDate,
    Hours, 
    Quote, 
    EmployeeID, 
    EmployeeAmt, 
    SalesPerson_EmployeeID, 
    CommissionAmt
    from JobContract
    where JobContractID = JCID;

      END WHILE;   
      
   END IF;
  UNTIL done END REPEAT;

  CLOSE cur1;

END;

CREATE TRIGGER trCompanyBI BEFORE INSERT ON Company FOR EACH ROW
 begin
if new.Created is null then set new.Created = sysdate(); end if;
end ;

CREATE TRIGGER trCompanyAU AFTER UPDATE ON Company FOR EACH ROW
Begin
UPDATE Employee SET Active = new.Active WHERE CompanyID = NEW.CompanyID 
and (TerminationDate is null or TerminationDate > sysdate());    
End;

Insert INTO Company (CompanyID, Company,Created,Active)
Values (1,'SS_Bozo', sysdate(),1);

insert into PayGroup
 (PayGroupID,Name,PayType,PayFreq,MinWageEx,OverTimeEx,DayOfWeek,FirstBillDT,LastBillDT)
VALUES
  (1,'FTE','H',52,0,0,6,1,15);
  

CREATE TRIGGER trEmployeeBI BEFORE INSERT ON Employee FOR EACH ROW
begin
if new.EmployeeNum is null then 
set new.EmployeeNum =  
(SELECT AUTO_INCREMENT FROM information_schema.TABLES WHERE
TABLE_SCHEMA = DATABASE() AND TABLE_NAME = 'Employee');
 end if;
 if new.YearSalary is null then set new.YearSalary = new.HourlyRate * 2080;
 end if;                     
 if new.HourlyRate is null then set new.HourlyRate = new.YearSalary / 2080;
 end if;
 if new.Created is null then set new.Created = sysdate(); end if;
 end ;

CREATE TRIGGER trEmployeeBU BEFORE UPDATE ON Employee FOR EACH ROW
Begin
if new.TerminationDate is not null  and new.TerminationDate <= sysdate() then
set new.Active = 0 ;    
end if;
if new.HourlyRate = 0 or new.HourlyRate is null then set new.HourlyRate = 
new.YearSalary / 2080; end if;
if new.YearSalary = 0 or new.YearSalary is null then set new.YearSalary =
new.HourlyRate * 2080; end if;
End ;

INSERT INTO Employee(EmployeeID,CompanyID,PayGroupID,Employee,Email,Created,Active)
Values(0,1,1,'ADMIN','admin@SS.com',sysdate(),1);

CREATE TRIGGER trLoginBI BEFORE INSERT ON Login FOR EACH ROW
begin
if new.Created is null then set new.Created = sysdate(); end if;
end;

INSERT INTO Login
(LoginID,Login,Passwd,Email,Access,ProcessAccess,ModulePref,ProcessPref,InitialProcess,
Alerts,EmployeeID,NavAccess)
Values(1,'ADMIN','iabblmi!','admin@ss.com',255,16777215,255,0,0,0,1,'7.4274891245999e+27');

INSERT INTO Groups(GroupsID,Groups,Access,Created)
Values(1,'User',100,sysdate());
INSERT INTO Groups(GroupsID,Groups,Access,Created)
Values(2,'Administrator',111,sysdate());
INSERT INTO Groups(GroupsID,Groups,Access,Created)
Values(3,'Webmaster',111,sysdate());
INSERT INTO Groups(GroupsID,Groups,Access,Created)
Values(4,'HR',110,sysdate());
INSERT INTO Groups(GroupsID,Groups,Access,Created)
Values(5,'Sales',110,sysdate());

CREATE TRIGGER trJobListBI BEFORE INSERT ON JobList FOR EACH ROW
 begin
 if new.Created is null then set new.Created = sysdate(); end if;
end;

CREATE TRIGGER trEventBI BEFORE INSERT ON Event FOR EACH ROW
begin
    declare logstatus tinyint;
    if new.StatusChgInd > 0 THEN
        begin
            select ClockedIn into logstatus from Login where EmployeeID = new.EmployeeID;
            if logstatus = 0 then
                begin
                    set new.StatusChgTo = 1;
                    update Login set ClockedIn = 1 where EmployeeID = new.EmployeeID;
                end;
            else
                begin
                    set new.StatusChgTo = 0;
                    update Login set ClockedIn = 0 where EmployeeID = new.EmployeeID;
                end;
            end if;
        end;      
    end if;
end ;

INSERT INTO `Clamp` VALUES ('StaticList',0,'StaticListItem',0,9,'2005-12-14 00:11:27','2005-12-14 08:11:27'),('StaticListItem',0,'StaticList',0,10,'2005-12-14 00:11:34','2005-12-14 08:11:34'),('Employee',0,'Timeclock',0,23,'2006-01-05 03:22:25','2006-01-05 11:22:25'),('Timeclock',0,'Employee',0,24,'2006-01-05 03:23:15','2006-01-05 11:23:15'),('Timeclock',1446,'Time',1,25,'2006-01-25 00:57:36','2006-01-25 08:57:36'),('Time',1,'Timeclock',1446,26,'2006-01-25 00:57:36','2006-01-25 08:57:36'),('Timeclock',1446,'Time',2,27,'2006-01-25 00:57:36','2006-01-25 08:57:36'),('Time',2,'Timeclock',1446,28,'2006-01-25 00:57:36','2006-01-25 08:57:36'),('Timeclock',1446,'Time',3,29,'2006-01-25 00:57:36','2006-01-25 08:57:36'),('Time',3,'Timeclock',1446,30,'2006-01-25 00:57:36','2006-01-25 08:57:36'),('Timeclock',1446,'Time',4,31,'2006-01-25 00:57:36','2006-01-25 08:57:36'),('Time',4,'Timeclock',1446,32,'2006-01-25 00:57:36','2006-01-25 08:57:36'),('Timeclock',1446,'Time',5,33,'2006-01-25 00:57:36','2006-01-25 08:57:36'),('Time',5,'Timeclock',1446,34,'2006-01-25 00:57:36','2006-01-25 08:57:36'),('Timeclock',1447,'Time',0,43,'2006-01-25 00:58:51','2006-01-25 08:58:51'),('Time',0,'Timeclock',1447,44,'2006-01-25 00:58:51','2006-01-25 08:58:51'),('Timeclock',1448,'Time',0,53,'2006-01-25 01:01:18','2006-01-25 09:01:18'),('Time',0,'Timeclock',1448,54,'2006-01-25 01:01:18','2006-01-25 09:01:18'),('Timeclock',1449,'Time',0,63,'2006-01-25 01:01:25','2006-01-25 09:01:25'),('Time',0,'Timeclock',1449,64,'2006-01-25 01:01:25','2006-01-25 09:01:25'),('Timeclock',1450,'Time',0,73,'2006-01-25 01:02:00','2006-01-25 09:02:00'),('Time',0,'Timeclock',1450,74,'2006-01-25 01:02:00','2006-01-25 09:02:00'),('StaticList',1,'StaticListItem',1,75,'2009-11-28 18:08:29','2009-11-29 02:08:29'),('StaticListItem',1,'StaticList',1,76,'2009-11-28 18:08:29','2009-11-29 02:08:29'),('Company',1,'Employee',277,77,NULL,'2009-11-29 03:05:05'),('Company',1,'Login',287,78,NULL,'2009-11-29 03:08:24'),('Employee',277,'Login',287,79,NULL,'2009-11-29 03:08:34');
INSERT INTO `Condition` VALUES (1,20,'saveSurgeryData()',0,NULL,21,21,'2005-04-27 15:45:11','2005-05-03 23:24:59','',0),(2,29,'isSecondET()',0,NULL,30,31,'2005-04-27 15:55:53','2005-05-03 23:24:59','',0),(3,26,'viableOva()',0,NULL,27,0,'2005-04-27 16:21:10','2005-05-03 23:24:59','',0),(4,34,'didOvaMakeMII()',0,NULL,35,0,'2005-04-27 16:26:13','2005-05-03 23:24:59','',0),(5,24,'goodOvary()',0,NULL,25,0,'2005-04-27 16:39:41','2005-05-03 23:24:59','',0),(6,29,'goodOvary()',0,NULL,30,0,'2005-04-27 16:34:23','2005-05-03 23:24:59','',0),(7,30,'ovaryEmpty()',0,NULL,31,0,'2005-04-27 16:37:09','2005-05-03 23:24:59','',0),(8,31,'viableOva()',0,NULL,32,0,'2005-04-27 16:38:05','2005-05-03 23:24:59','',0),(9,33,'IVMaturationSuccess()',0,NULL,34,0,'2005-04-27 16:51:00','2005-05-03 23:24:59','',0),(10,34,'routeToProduction()',0,NULL,35,0,'2005-04-27 16:52:34','2005-05-03 23:24:59','',0),(11,35,'viableMPOva()',0,NULL,36,49,'0000-00-00 00:00:00','2005-05-03 23:24:59','0',0),(12,38,'didOvaEnucleate()',0,NULL,39,0,'0000-00-00 00:00:00','2005-05-03 23:24:59','0',0),(13,37,'viableDonorTissue()',0,NULL,38,0,'0000-00-00 00:00:00','2005-05-03 23:24:59','0',0),(14,38,'didTissueCondense()',0,NULL,39,0,'0000-00-00 00:00:00','2005-05-03 23:24:59','0',0),(15,39,'didCTMakeCouplets()',0,NULL,40,0,'0000-00-00 00:00:00','2005-05-03 23:24:59','0',0),(16,40,'didCoupletFuse()',0,NULL,41,0,'0000-00-00 00:00:00','2005-05-03 23:24:59','0',0),(17,41,'goodCoupletFuseMP()',0,NULL,42,0,NULL,'2005-05-03 23:24:59',NULL,0),(18,42,'goodZygote()',0,NULL,43,48,NULL,'2005-05-03 23:24:59','',0),(20,44,'wasSurgerySuccessful( )',0,NULL,51,51,NULL,'0000-00-00 00:00:00','',0),(21,36,'isEnucleated()',0,NULL,0,50,'2005-05-03 11:28:29','2005-05-03 23:24:59','',0),(22,62,'didCultureGrow( )',0,NULL,37,0,'2005-05-03 15:55:46','2005-05-03 23:24:59','',30),(23,27,'didOvaMature( )',0,NULL,35,0,'2005-05-03 16:08:01','2005-05-03 23:24:59','',0),(24,35,'IsMPOVaGreen ( )',0,0,37,0,'2005-05-05 16:48:00','2005-05-05 23:48:00','',0);
INSERT INTO `Login` VALUES (2,'cdr','qwerty','Chris','Robison','cdr@netoasis.net','','415-749-1947','','415-730-2336',255,16777215,255,0,0,'0','2005-02-02 17:27:49','2010-03-31 03:12:15','2010-03-30 20:12:15','2006-05-22 11:39:26',1,0,'Chris is the lead software architect and developer behind the NetOASIS system and application framework.',1,NULL,101,0,1,'relog.swf','7.4274891245999e+27'),(3,'heathkornblum@hotmail.com','iahklmi!','Heath','Kornblum','heathkornblum@hotmail.com','','','','',255,16777215,71,4162432,0,'1','2006-01-03 09:01:53','2009-12-05 23:38:06','2009-12-05 15:38:06','0000-00-00 00:00:00',1,0,'',257,NULL,1,1,1,'relog.swf','7.4274891245999e+27'),(4,'patrick@netoasis.net','iapplmi!','Patrick','Peterson','patrick@netoasis.net','','','','',255,16777215,255,0,0,'','2009-09-30 14:37:35','2010-02-23 19:09:54','2010-02-23 11:09:54','0000-00-00 00:00:00',1,0,'',277,NULL,0,1,1,'relog.swf','7.4274891245999e+27');
INSERT INTO `Module` VALUES (10,'Backend','Module','','templates/Administration.php','','help/Administration.php','','showProcesses()','','','','','','','','','',32,7,60),(11,'Home','Timeclock','/app/timeclock.php?auto=1&x=update&p=in','','','','','','','','','','','','','','',2,7,10),(14,'Tools','Action','','templates/Tools.php','','','','','','','','','','','','','',8,7,50),(17,'Logout','Action','/app/login.php?logout=yes','','','','','','','','','','','','','','',1,0,100),(20,'Clients','Company','','templates/default.php','templates/Company.php','','','true','true','','','','','','','','',4,7,15),(22,'Payroll','Payroll','','blank.html','','','','','','','','','','','','','',64,7,20);
INSERT INTO `Nav` VALUES (47,'Contact Us','ContactUs','','ContactUs.html','branch_closed','','content',1,'Active',4,1,1,'2005-11-22 01:27:09','2006-06-11 14:19:31',1,0,'4'),(1,'My Punchcard Website','MyPunchcardWebsite','','MyPunchcardWebsite.html','node','','content',1,'Active',10,0,1,'2006-02-02 13:27:05','2006-05-23 10:37:25',0,1,'8'),(50,'About Us','AboutUs','','AboutUs.html','branch_closed','','content',1,'Active',0,1,1,'2006-02-09 19:52:38','2006-06-11 14:19:31',1,0,'16'),(51,'Products','Products','','Products.html','branch_closed','','content',1,'Active',1,1,1,'2006-02-09 19:52:44','2006-06-11 14:19:31',1,0,'32'),(53,'Support','Support','','Support.html','branch_closed','','content',1,'Active',2,1,1,'2006-02-09 19:53:33','2006-06-11 14:19:31',1,0,'64'),(276,'Download Punchcard Plus','DownloadPunchcardPlus','','/site/DownloadPunchcardPlus.html','subNavChild','','content',0,'Active',2,51,1,'2006-05-31 16:58:53','2006-07-07 09:49:39',0,0,'16'),(275,'Download My Punchcard','DownloadMyPunchcard','','/site/DownloadMyPunchcard.html','subNavChild','','content',0,'Active',0,51,1,'2006-05-30 17:15:51','2006-07-07 09:49:22',0,0,'16'),(277,'My Punchcard','MyPunchcard','','/site/MyPunchcard.html','subNavChild','','content',0,'Active',0,53,1,'2006-07-07 02:50:33','2006-07-11 05:22:02',0,0,'16');
INSERT INTO `Process` VALUES (81,0,10,'Application Management','Module','','templates/ApplicationManagement.php','','','','','','','','','','','','','','',1,7,30,0,0,0,0),(82,0,10,'User Administration','Login','','templates/default.php','templates/UserAdministration.php','','','true','select LoginID, concat(LastName,\',\',FirstName) as User, Email, Access from Login order by User','','200px','','','','','','','',2,7,10,0,1,0,0),(83,81,10,'Content Editor','Login','','templates/ContentEditor.php','','','','','','','','','','','','','','',4,7,40,0,0,0,0),(84,81,10,'DB Editor','Module','','templates/DBEditor.php','','','','','','','','','','','','','','',8,7,80,0,0,0,0),(85,0,10,'Bugs','Bug','','templates/default.php','templates/Bugs.php','help/Bugs.php','true','true','select BugID, Title, Status, Owner, AssignedBy, Priority, Created      \r\nfrom Bug where Category=\'Bug\' and Status!=\'closed\' order by Status=\'New\' DESC, Status=\'On Hold\' DESC,  Status=\'Requires Feeback\' DESC, Status=\'Rejected\' DESC, Status=\'In Queue\' DESC, Status=\'In Development\' DESC, Status=\'In Review\' DESC, Status=\'Complete\' DESC, Status=\'Closed\' DESC,Priority ASC, Created DESC;','','200px','','','','','','','',16,7,200,0,0,0,0),(98,81,10,'Static Lists','StaticList','','templates/default.php','templates/StaticLists.php','','','','select StaticListID, Name, Description from StaticList','','','','','','','','','',32,7,30,0,0,0,0),(110,0,14,'Reports','Report','','templates/default.php','templates/Reports.php','','','','','','150px','','','','','','','',1024,7,40,0,1,0,0),(111,0,14,'Charts','Chart','','templates/default.php','templates/Charts.php','','','','','','150px','','','','','','','',2048,7,50,0,1,0,0),(147,0,11,'Timecard','Timecard','/app/timecard.php','','','','','','','','','','','','','','','',128,7,20,0,0,0,0),(148,0,10,'Employee Administration','Employee','','templates/default.php','templates/EmployeeAdministration.php','','','','select EmployeeID, concat(LastName,\',\',FirstName) as Employee, Email, Phone,  Extension from Employee order by Employee','','','','','','','','','',64,7,10,0,1,0,0),(150,0,11,'Phone List','Employee','','templates/default.php','templates/PhoneList.php','','','','select EmployeeID, LastName, FirstName, Title, Email, Extension from Employee order by LastName','','','','','','','','','',256,7,30,0,1,0,0),(153,0,20,'Customer','Company','','templates/default.php','templates/Customer.php','','true','true','','','','','','','','','','',32768,7,10,0,1,1,1),(174,0,0,'','','','','','','','',NULL,'','150px','','','','','','','',0,7,NULL,NULL,0,0,0),(175,0,0,'','','','','','','','',NULL,'','150px','','','','','','','',0,7,NULL,NULL,0,0,0),(176,0,0,'','','','','','','','',NULL,'','150px','','','','','','','',0,7,NULL,NULL,0,0,0),(177,0,0,'','','','','','','','',NULL,'','150px','','','','','','','',0,7,NULL,NULL,0,0,0),(178,0,0,'','','','','','','','',NULL,'','150px','','','','','','','',0,7,NULL,NULL,0,0,0),(154,0,20,'Note to Supervisor','NoteToSupervisor','','templates/default.php','templates/NotetoSupervisor.php','','','','select NoteToSupervisorID, concat(Employee.LastName, \', \', Employee.FirstName) as Employee, NoteToSupervisor as Title, date_format(NoteToSupervisor.Created, \'%c/%e/%Y\') as Date from NoteToSupervisor, Employee where NoteToSupervisor.EmployeeID=Employee.EmployeeID','','','','','','','','','',65536,7,20,0,1,1,1),(155,0,20,'Overtime Authorization','Overtime','','templates/default.php','templates/OvertimeAuthorization.php','','','','','','','','','','','','','',131072,7,30,0,1,1,1),(156,0,20,'Makeup Time Request','MakeupTime','','templates/default.php','templates/MakeupTimeRequest.php','','','','','','','','','','','','','',262144,7,40,0,1,1,1),(157,0,20,'Note to Payroll','NoteToPayroll','','templates/default.php','templates/NotetoPayroll.php','','','','','','','','','','','','','',524288,7,50,0,1,1,1),(158,0,20,'Missed Punch','MissedPunch','','templates/default.php','templates/MissedPunch.php','','','','','','','','','','','','','',1048576,7,60,0,1,1,1),(160,0,20,'Missed Break','MissedBreak','','templates/default.php','templates/MissedBreak.php','','','','','','','','','','','','','',2097152,7,70,0,1,1,1),(162,0,11,'Preferences','Login','','templates/Preferences.php','','','','','','','','','','','','','','',512,2,40,0,0,0,0),(163,0,22,'Hourly Payroll Reports','PayrollHourly','/app/GGPPayroll.php','','','','','','','','','','','','','','','',2,0,0,0,0,0,0),(164,0,22,'Salary Payroll Reports','Payroll','/app/Payroll.php','','','','','','','','','','','','','','','',4194304,7,20,0,0,0,0),(165,0,22,'Timecards','Timecard','/app/timecards.php','','','','','','','','','','','','','','','',8388608,7,30,0,0,0,0),(173,0,24,'Section Manager','Nav','/cmd.php?t=Sections','','','','','','','','','','','','','','','',2,0,0,0,0,0,0),(179,0,0,'','','','','','','','',NULL,'','150px','','','','','','','',0,7,NULL,NULL,0,0,0),(180,0,0,'','','','','','','','',NULL,'','150px','','','','','','','',0,7,NULL,NULL,0,0,0),(181,0,0,'','','','','','','','',NULL,'','150px','','','','','','','',0,7,NULL,NULL,0,0,0),(182,0,0,'','','','','','','','',NULL,'','150px','','','','','','','',0,7,NULL,NULL,0,0,0),(183,0,0,'','','','','','','','',NULL,'','150px','','','','','','','',0,7,NULL,NULL,0,0,0),(184,0,0,'','','','','','','','',NULL,'','150px','','','','','','','',0,7,NULL,NULL,0,0,0),(185,0,0,'','','','','','','','',NULL,'','150px','','','','','','','',0,7,NULL,NULL,0,0,0),(186,0,0,'','','','','','','','',NULL,'','150px','','','','','','','',0,7,NULL,NULL,0,0,0),(187,0,0,'','','','','','','','',NULL,'','150px','','','','','','','',0,7,NULL,NULL,0,0,0),(188,0,0,'','','','','','','','',NULL,'','150px','','','','','','','',0,7,NULL,NULL,0,0,0),(189,0,0,'','','','','','','','',NULL,'','150px','','','','','','','',0,7,NULL,NULL,0,0,0),(190,0,0,'','','','','','','','',NULL,'','150px','','','','','','','',0,7,NULL,NULL,0,0,0),(191,0,0,'','','','','','','','',NULL,'','150px','','','','','','','',0,7,NULL,NULL,0,0,0),(192,0,0,'','','','','','','','',NULL,'','150px','','','','','','','',0,7,NULL,NULL,0,0,0),(193,0,0,'','','','','','','','',NULL,'','150px','','','','','','','',0,7,NULL,NULL,0,0,0),(194,0,0,'','','','','','','','',NULL,'','150px','','','','','','','',0,7,NULL,NULL,0,0,0),(195,0,0,'','','','','','','','',NULL,'','150px','','','','','','','',0,7,NULL,NULL,0,0,0),(196,0,0,'','','','','','','','',NULL,'','150px','','','','','','','',0,7,NULL,NULL,0,0,0),(197,0,0,'','','','','','','','',NULL,'','150px','','','','','','','',0,7,NULL,NULL,0,0,0),(198,0,0,'','','','','','','','',NULL,'','150px','','','','','','','',0,7,NULL,NULL,0,0,0),(199,0,0,'','','','','','','','',NULL,'','150px','','','','','','','',0,7,NULL,NULL,0,0,0),(200,0,0,'','','','','','','','',NULL,'','150px','','','','','','','',0,7,NULL,NULL,0,0,0),(201,0,0,'','','','','','','','',NULL,'','150px','','','','','','','',0,7,NULL,NULL,0,0,0),(202,0,0,'','','','','','','','',NULL,'','150px','','','','','','','',0,7,NULL,NULL,0,0,0),(203,0,0,'','','','','','','','',NULL,'','150px','','','','','','','',0,7,NULL,NULL,0,0,0),(204,0,0,'','','','','','','','',NULL,'','150px','','','','','','','',0,7,NULL,NULL,0,0,0),(205,0,0,'','','','','','','','',NULL,'','150px','','','','','','','',0,7,NULL,NULL,0,0,0),(206,0,0,'','','','','','','','',NULL,'','150px','','','','','','','',0,7,NULL,NULL,0,0,0),(207,0,0,'','','','','','','','',NULL,'','150px','','','','','','','',0,7,NULL,NULL,0,0,0),(208,0,0,'','','','','','','','',NULL,'','150px','','','','','','','',0,7,NULL,NULL,0,0,0),(209,0,0,'','','','','','','','',NULL,'','150px','','','','','','','',0,7,NULL,NULL,0,0,0),(210,0,0,'','','','','','','','',NULL,'','150px','','','','','','','',0,7,NULL,NULL,0,0,0),(211,0,0,'','','','','','','','',NULL,'','150px','','','','','','','',0,7,NULL,NULL,0,0,0),(212,0,0,'','','','','','','','',NULL,'','150px','','','','','','','',0,7,NULL,NULL,0,0,0),(213,0,0,'','','','','','','','',NULL,'','150px','','','','','','','',0,7,NULL,NULL,0,0,0),(214,0,0,'','','','','','','','',NULL,'','150px','','','','','','','',0,7,NULL,NULL,0,0,0),(215,0,0,'','','','','','','','',NULL,'','150px','','','','','','','',0,7,NULL,NULL,0,0,0),(216,0,0,'','','','','','','','',NULL,'','150px','','','','','','','',0,7,NULL,NULL,0,0,0),(217,0,0,'','','','','','','','',NULL,'','150px','','','','','','','',0,7,NULL,NULL,0,0,0),(218,0,0,'','','','','','','','',NULL,'','150px','','','','','','','',0,7,NULL,NULL,0,0,0),(219,0,0,'','','','','','','','',NULL,'','150px','','','','','','','',0,7,NULL,NULL,0,0,0),(220,0,0,'','','','','','','','',NULL,'','150px','','','','','','','',0,7,NULL,NULL,0,0,0),(221,0,0,'','','','','','','','',NULL,'','150px','','','','','','','',0,7,NULL,NULL,0,0,0),(222,0,0,'','','','','','','','',NULL,'','150px','','','','','','','',0,7,NULL,NULL,0,0,0),(223,0,0,'','','','','','','','',NULL,'','150px','','','','','','','',0,7,NULL,NULL,0,0,0),(224,0,0,'','','','','','','','',NULL,'','150px','','','','','','','',0,7,NULL,NULL,0,0,0),(225,0,0,'','','','','','','','',NULL,'','150px','','','','','','','',0,7,NULL,NULL,0,0,0),(226,0,0,'','','','','','','','',NULL,'','150px','','','','','','','',0,7,NULL,NULL,0,0,0),(227,0,0,'','','','','','','','',NULL,'','150px','','','','','','','',0,7,NULL,NULL,0,0,0),(228,0,0,'','','','','','','','',NULL,'','150px','','','','','','','',0,7,NULL,NULL,0,0,0),(229,0,0,'','','','','','','','',NULL,'','150px','','','','','','','',0,7,NULL,NULL,0,0,0),(230,0,0,'','','','','','','','',NULL,'','150px','','','','','','','',0,7,NULL,NULL,0,0,0),(231,0,0,'','','','','','','','',NULL,'','150px','','','','','','','',0,7,NULL,NULL,0,0,0),(232,0,0,'','','','','','','','',NULL,'','150px','','','','','','','',0,7,NULL,NULL,0,0,0),(233,0,0,'','','','','','','','',NULL,'','150px','','','','','','','',0,7,NULL,NULL,0,0,0),(234,0,0,'','','','','','','','',NULL,'','150px','','','','','','','',0,7,NULL,NULL,0,0,0),(235,0,0,'','','','','','','','',NULL,'','150px','','','','','','','',0,7,NULL,NULL,0,0,0),(236,0,0,'','','','','','','','',NULL,'','150px','','','','','','','',0,7,NULL,NULL,0,0,0),(237,0,0,'','','','','','','','',NULL,'','150px','','','','','','','',0,7,NULL,NULL,0,0,0),(238,0,0,'','','','','','','','',NULL,'','150px','','','','','','','',0,7,NULL,NULL,0,0,0),(239,0,0,'','','','','','','','',NULL,'','150px','','','','','','','',0,7,NULL,NULL,0,0,0),(240,0,0,'','','','','','','','',NULL,'','150px','','','','','','','',0,7,NULL,NULL,0,0,0),(241,0,0,'','','','','','','','',NULL,'','150px','','','','','','','',0,7,NULL,NULL,0,0,0),(242,0,0,'','','','','','','','',NULL,'','150px','','','','','','','',0,7,NULL,NULL,0,0,0),(243,0,0,'','','','','','','','',NULL,'','150px','','','','','','','',0,7,NULL,NULL,0,0,0),(244,0,0,'','','','','','','','',NULL,'','150px','','','','','','','',0,7,NULL,NULL,0,0,0),(245,0,0,'','','','','','','','',NULL,'','150px','','','','','','','',0,7,NULL,NULL,0,0,0),(246,0,0,'','','','','','','','',NULL,'','150px','','','','','','','',0,7,NULL,NULL,0,0,0),(247,0,0,'','','','','','','','',NULL,'','150px','','','','','','','',0,7,NULL,NULL,0,0,0),(248,0,0,'','','','','','','','',NULL,'','150px','','','','','','','',0,7,NULL,NULL,0,0,0),(249,0,0,'','','','','','','','',NULL,'','150px','','','','','','','',0,7,NULL,NULL,0,0,0),(250,0,0,'','','','','','','','',NULL,'','150px','','','','','','','',0,7,NULL,NULL,0,0,0),(251,0,0,'','','','','','','','',NULL,'','150px','','','','','','','',0,7,NULL,NULL,0,0,0),(252,0,0,'','','','','','','','',NULL,'','150px','','','','','','','',0,7,NULL,NULL,0,0,0),(253,0,0,'','','','','','','','',NULL,'','150px','','','','','','','',0,7,NULL,NULL,0,0,0),(254,0,0,'','','','','','','','',NULL,'','150px','','','','','','','',0,7,NULL,NULL,0,0,0),(255,0,0,'','','','','','','','',NULL,'','150px','','','','','','','',0,7,NULL,NULL,0,0,0),(256,0,0,'','','','','','','','',NULL,'','150px','','','','','','','',0,7,NULL,NULL,0,0,0),(257,0,0,'','','','','','','','',NULL,'','150px','','','','','','','',0,7,NULL,NULL,0,0,0),(258,0,0,'','','','','','','','',NULL,'','150px','','','','','','','',0,7,NULL,NULL,0,0,0),(259,0,0,'','','','','','','','',NULL,'','150px','','','','','','','',0,7,NULL,NULL,0,0,0),(260,0,0,'','','','','','','','',NULL,'','150px','','','','','','','',0,7,NULL,NULL,0,0,0),(261,0,0,'','','','','','','','',NULL,'','150px','','','','','','','',0,7,NULL,NULL,0,0,0),(262,0,0,'','','','','','','','',NULL,'','150px','','','','','','','',0,7,NULL,NULL,0,0,0),(263,0,0,'','','','','','','','',NULL,'','150px','','','','','','','',0,7,NULL,NULL,0,0,0),(264,0,0,'','','','','','','','',NULL,'','150px','','','','','','','',0,7,NULL,NULL,0,0,0),(265,0,0,'','','','','','','','',NULL,'','150px','','','','','','','',0,7,NULL,NULL,0,0,0),(266,0,0,'','','','','','','','',NULL,'','150px','','','','','','','',0,7,NULL,NULL,0,0,0),(267,0,0,'','','','','','','','',NULL,'','150px','','','','','','','',0,7,NULL,NULL,0,0,0),(268,0,0,'','','','','','','','',NULL,'','150px','','','','','','','',0,7,NULL,NULL,0,0,0),(269,0,0,'','','','','','','','',NULL,'','150px','','','','','','','',0,7,NULL,NULL,0,0,0),(270,0,0,'','','','','','','','',NULL,'','150px','','','','','','','',0,7,NULL,NULL,0,0,0),(271,0,0,'','','','','','','','',NULL,'','150px','','','','','','','',0,7,NULL,NULL,0,0,0),(272,0,0,'','','','','','','','',NULL,'','150px','','','','','','','',0,7,NULL,NULL,0,0,0),(273,0,0,'','','','','','','','',NULL,'','150px','','','','','','','',0,7,NULL,NULL,0,0,0),(274,0,0,'','','','','','','','',NULL,'','150px','','','','','','','',0,7,NULL,NULL,0,0,0),(275,0,0,'','','','','','','','',NULL,'','150px','','','','','','','',0,7,NULL,NULL,0,0,0),(276,0,0,'','','','','','','','',NULL,'','150px','','','','','','','',0,7,NULL,NULL,0,0,0),(277,0,0,'','','','','','','','',NULL,'','150px','','','','','','','',0,7,NULL,NULL,0,0,0),(278,0,0,'','','','','','','','',NULL,'','150px','','','','','','','',0,7,NULL,NULL,0,0,0),(279,0,0,'','','','','','','','',NULL,'','150px','','','','','','','',0,7,NULL,NULL,0,0,0),(280,0,0,'','','','','','','','',NULL,'','150px','','','','','','','',0,7,NULL,NULL,0,0,0),(281,0,0,'','','','','','','','',NULL,'','150px','','','','','','','',0,7,NULL,NULL,0,0,0),(282,0,0,'','','','','','','','',NULL,'','150px','','','','','','','',0,7,NULL,NULL,0,0,0),(283,0,0,'','','','','','','','',NULL,'','150px','','','','','','','',0,7,NULL,NULL,0,0,0),(284,0,0,'','','','','','','','',NULL,'','150px','','','','','','','',0,7,NULL,NULL,0,0,0),(285,0,0,'','','','','','','','',NULL,'','150px','','','','','','','',0,7,NULL,NULL,0,0,0),(286,0,0,'','','','','','','','',NULL,'','150px','','','','','','','',0,7,NULL,NULL,0,0,0),(287,0,0,'','','','','','','','',NULL,'','150px','','','','','','','',0,7,NULL,NULL,0,0,0),(288,0,0,'','','','','','','','',NULL,'','150px','','','','','','','',0,7,NULL,NULL,0,0,0),(289,0,0,'','','','','','','','',NULL,'','150px','','','','','','','',0,7,NULL,NULL,0,0,0),(290,0,0,'','','','','','','','',NULL,'','150px','','','','','','','',0,7,NULL,NULL,0,0,0),(291,0,0,'','','','','','','','',NULL,'','150px','','','','','','','',0,7,NULL,NULL,0,0,0),(292,0,0,'','','','','','','','',NULL,'','150px','','','','','','','',0,7,NULL,NULL,0,0,0),(293,0,0,'','','','','','','','',NULL,'','150px','','','','','','','',0,7,NULL,NULL,0,0,0),(294,0,0,'','','','','','','','',NULL,'','150px','','','','','','','',0,7,NULL,NULL,0,0,0),(295,0,0,'','','','','','','','',NULL,'','150px','','','','','','','',0,7,NULL,NULL,0,0,0),(296,0,0,'','','','','','','','',NULL,'','150px','','','','','','','',0,7,NULL,NULL,0,0,0),(297,0,0,'','','','','','','','',NULL,'','150px','','','','','','','',0,7,NULL,NULL,0,0,0),(298,0,0,'','','','','','','','',NULL,'','150px','','','','','','','',0,7,NULL,NULL,0,0,0),(299,0,0,'','','','','','','','',NULL,'','150px','','','','','','','',0,7,NULL,NULL,0,0,0),(300,0,0,'','','','','','','','',NULL,'','150px','','','','','','','',0,7,NULL,NULL,0,0,0),(301,0,0,'','','','','','','','',NULL,'','150px','','','','','','','',0,7,NULL,NULL,0,0,0),(302,0,0,'','','','','','','','',NULL,'','150px','','','','','','','',0,7,NULL,NULL,0,0,0),(303,0,0,'','','','','','','','',NULL,'','150px','','','','','','','',0,7,NULL,NULL,0,0,0),(304,0,0,'','','','','','','','',NULL,'','150px','','','','','','','',0,7,NULL,NULL,0,0,0),(305,0,0,'','','','','','','','',NULL,'','150px','','','','','','','',0,7,NULL,NULL,0,0,0),(306,0,0,'','','','','','','','',NULL,'','150px','','','','','','','',0,7,NULL,NULL,0,0,0),(307,0,0,'','','','','','','','',NULL,'','150px','','','','','','','',0,7,NULL,NULL,0,0,0),(308,0,0,'','','','','','','','',NULL,'','150px','','','','','','','',0,7,NULL,NULL,0,0,0),(309,0,0,'','','','','','','','',NULL,'','150px','','','','','','','',0,7,NULL,NULL,0,0,0),(310,0,0,'','','','','','','','',NULL,'','150px','','','','','','','',0,7,NULL,NULL,0,0,0),(311,0,0,'','','','','','','','',NULL,'','150px','','','','','','','',0,7,NULL,NULL,0,0,0),(312,0,0,'','','','','','','','',NULL,'','150px','','','','','','','',0,7,NULL,NULL,0,0,0),(313,0,0,'','','','','','','','',NULL,'','150px','','','','','','','',0,7,NULL,NULL,0,0,0),(314,0,0,'','','','','','','','',NULL,'','150px','','','','','','','',0,7,NULL,NULL,0,0,0),(315,0,0,'','','','','','','','',NULL,'','150px','','','','','','','',0,7,NULL,NULL,0,0,0),(316,0,0,'','','','','','','','',NULL,'','150px','','','','','','','',0,7,NULL,NULL,0,0,0),(317,0,0,'','','','','','','','',NULL,'','150px','','','','','','','',0,7,NULL,NULL,0,0,0),(318,0,0,'','','','','','','','',NULL,'','150px','','','','','','','',0,7,NULL,NULL,0,0,0),(319,0,0,'','','','','','','','',NULL,'','150px','','','','','','','',0,7,NULL,NULL,0,0,0),(320,0,0,'','','','','','','','',NULL,'','150px','','','','','','','',0,7,NULL,NULL,0,0,0),(321,0,0,'','','','','','','','',NULL,'','150px','','','','','','','',0,7,NULL,NULL,0,0,0),(322,0,0,'','','','','','','','',NULL,'','150px','','','','','','','',0,7,NULL,NULL,0,0,0),(323,0,0,'','','','','','','','',NULL,'','150px','','','','','','','',0,7,NULL,NULL,0,0,0),(324,0,0,'','','','','','','','',NULL,'','150px','','','','','','','',0,7,NULL,NULL,0,0,0),(325,0,0,'','','','','','','','',NULL,'','150px','','','','','','','',0,7,NULL,NULL,0,0,0),(326,0,0,'','','','','','','','',NULL,'','150px','','','','','','','',0,7,NULL,NULL,0,0,0),(327,0,0,'','','','','','','','',NULL,'','150px','','','','','','','',0,7,NULL,NULL,0,0,0),(328,0,0,'','','','','','','','',NULL,'','150px','','','','','','','',0,7,NULL,NULL,0,0,0),(329,0,0,'','','','','','','','',NULL,'','150px','','','','','','','',0,7,NULL,NULL,0,0,0),(330,0,0,'','','','','','','','',NULL,'','150px','','','','','','','',0,7,NULL,NULL,0,0,0),(331,0,0,'','','','','','','','',NULL,'','150px','','','','','','','',0,7,NULL,NULL,0,0,0),(332,0,0,'','','','','','','','',NULL,'','150px','','','','','','','',0,7,NULL,NULL,0,0,0),(333,0,0,'','','','','','','','',NULL,'','150px','','','','','','','',0,7,NULL,NULL,0,0,0),(334,0,0,'','','','','','','','',NULL,'','150px','','','','','','','',0,7,NULL,NULL,0,0,0),(335,0,0,'','','','','','','','',NULL,'','150px','','','','','','','',0,7,NULL,NULL,0,0,0),(336,0,0,'','','','','','','','',NULL,'','150px','','','','','','','',0,7,NULL,NULL,0,0,0),(337,0,0,'','','','','','','','',NULL,'','150px','','','','','','','',0,7,NULL,NULL,0,0,0),(338,0,0,'','','','','','','','',NULL,'','150px','','','','','','','',0,7,NULL,NULL,0,0,0),(339,0,0,'','','','','','','','',NULL,'','150px','','','','','','','',0,7,NULL,NULL,0,0,0),(340,0,0,'','','','','','','','',NULL,'','150px','','','','','','','',0,7,NULL,NULL,0,0,0),(341,0,0,'','','','','','','','',NULL,'','150px','','','','','','','',0,7,NULL,NULL,0,0,0),(342,0,0,'','','','','','','','',NULL,'','150px','','','','','','','',0,7,NULL,NULL,0,0,0),(343,0,0,'','','','','','','','',NULL,'','150px','','','','','','','',0,7,NULL,NULL,0,0,0),(344,0,0,'','','','','','','','',NULL,'','150px','','','','','','','',0,7,NULL,NULL,0,0,0),(345,0,0,'','','','','','','','',NULL,'','150px','','','','','','','',0,7,NULL,NULL,0,0,0),(346,0,0,'','','','','','','','',NULL,'','150px','','','','','','','',0,7,NULL,NULL,0,0,0),(347,0,0,'','','','','','','','',NULL,'','150px','','','','','','','',0,7,NULL,NULL,0,0,0),(348,0,0,'','','','','','','','',NULL,'','150px','','','','','','','',0,7,NULL,NULL,0,0,0),(349,0,0,'','','','','','','','',NULL,'','150px','','','','','','','',0,7,NULL,NULL,0,0,0),(350,0,0,'','','','','','','','',NULL,'','150px','','','','','','','',0,7,NULL,NULL,0,0,0),(351,0,0,'','','','','','','','',NULL,'','150px','','','','','','','',0,7,NULL,NULL,0,0,0),(352,0,0,'','','','','','','','',NULL,'','150px','','','','','','','',0,7,NULL,NULL,0,0,0),(353,0,0,'','','','','','','','',NULL,'','150px','','','','','','','',0,7,NULL,NULL,0,0,0),(354,0,0,'','','','','','','','',NULL,'','150px','','','','','','','',0,7,NULL,NULL,0,0,0),(355,0,0,'','','','','','','','',NULL,'','150px','','','','','','','',0,7,NULL,NULL,0,0,0),(356,0,0,'','','','','','','','',NULL,'','150px','','','','','','','',0,7,NULL,NULL,0,0,0),(357,0,0,'','','','','','','','',NULL,'','150px','','','','','','','',0,7,NULL,NULL,0,0,0),(358,0,0,'','','','','','','','',NULL,'','150px','','','','','','','',0,7,NULL,NULL,0,0,0),(359,0,0,'','','','','','','','',NULL,'','150px','','','','','','','',0,7,NULL,NULL,0,0,0),(360,0,0,'','','','','','','','',NULL,'','150px','','','','','','','',0,7,NULL,NULL,0,0,0),(361,0,0,'','','','','','','','',NULL,'','150px','','','','','','','',0,7,NULL,NULL,0,0,0),(362,0,0,'','','','','','','','',NULL,'','150px','','','','','','','',0,7,NULL,NULL,0,0,0),(363,0,0,'','','','','','','','',NULL,'','150px','','','','','','','',0,7,NULL,NULL,0,0,0),(364,0,0,'','','','','','','','',NULL,'','150px','','','','','','','',0,7,NULL,NULL,0,0,0),(365,0,0,'','','','','','','','',NULL,'','150px','','','','','','','',0,7,NULL,NULL,0,0,0),(366,0,0,'','','','','','','','',NULL,'','150px','','','','','','','',0,7,NULL,NULL,0,0,0),(367,0,0,'','','','','','','','',NULL,'','150px','','','','','','','',0,7,NULL,NULL,0,0,0),(368,0,0,'','','','','','','','',NULL,'','150px','','','','','','','',0,7,NULL,NULL,0,0,0),(369,0,0,'','','','','','','','',NULL,'','150px','','','','','','','',0,7,NULL,NULL,0,0,0),(370,0,0,'','','','','','','','',NULL,'','150px','','','','','','','',0,7,NULL,NULL,0,0,0),(371,0,0,'','','','','','','','',NULL,'','150px','','','','','','','',0,7,NULL,NULL,0,0,0),(372,0,0,'','','','','','','','',NULL,'','150px','','','','','','','',0,7,NULL,NULL,0,0,0),(373,0,0,'','','','','','','','',NULL,'','150px','','','','','','','',0,7,NULL,NULL,0,0,0),(374,0,0,'','','','','','','','',NULL,'','150px','','','','','','','',0,7,NULL,NULL,0,0,0),(375,0,0,'','','','','','','','',NULL,'','150px','','','','','','','',0,7,NULL,NULL,0,0,0),(376,0,0,'','','','','','','','',NULL,'','150px','','','','','','','',0,7,NULL,NULL,0,0,0),(377,0,0,'','','','','','','','',NULL,'','150px','','','','','','','',0,7,NULL,NULL,0,0,0),(378,0,0,'','','','','','','','',NULL,'','150px','','','','','','','',0,7,NULL,NULL,0,0,0),(379,0,0,'','','','','','','','',NULL,'','150px','','','','','','','',0,7,NULL,NULL,0,0,0),(380,0,0,'','','','','','','','',NULL,'','150px','','','','','','','',0,7,NULL,NULL,0,0,0),(381,0,0,'','','','','','','','',NULL,'','150px','','','','','','','',0,7,NULL,NULL,0,0,0),(382,0,0,'','','','','','','','',NULL,'','150px','','','','','','','',0,7,NULL,NULL,0,0,0),(383,0,0,'','','','','','','','',NULL,'','150px','','','','','','','',0,7,NULL,NULL,0,0,0),(384,0,0,'','','','','','','','',NULL,'','150px','','','','','','','',0,7,NULL,NULL,0,0,0),(385,0,0,'','','','','','','','',NULL,'','150px','','','','','','','',0,7,NULL,NULL,0,0,0),(386,0,0,'','','','','','','','',NULL,'','150px','','','','','','','',0,7,NULL,NULL,0,0,0),(387,0,0,'','','','','','','','',NULL,'','150px','','','','','','','',0,7,NULL,NULL,0,0,0),(388,0,0,'','','','','','','','',NULL,'','150px','','','','','','','',0,7,NULL,NULL,0,0,0),(389,0,0,'','','','','','','','',NULL,'','150px','','','','','','','',0,7,NULL,NULL,0,0,0),(390,0,0,'','','','','','','','',NULL,'','150px','','','','','','','',0,7,NULL,NULL,0,0,0),(391,0,0,'','','','','','','','',NULL,'','150px','','','','','','','',0,7,NULL,NULL,0,0,0),(392,0,0,'','','','','','','','',NULL,'','150px','','','','','','','',0,7,NULL,NULL,0,0,0),(393,0,0,'','','','','','','','',NULL,'','150px','','','','','','','',0,7,NULL,NULL,0,0,0),(394,0,0,'','','','','','','','',NULL,'','150px','','','','','','','',0,7,NULL,NULL,0,0,0),(395,0,0,'','','','','','','','',NULL,'','150px','','','','','','','',0,7,NULL,NULL,0,0,0),(396,0,0,'','','','','','','','',NULL,'','150px','','','','','','','',0,7,NULL,NULL,0,0,0),(397,0,0,'','','','','','','','',NULL,'','150px','','','','','','','',0,7,NULL,NULL,0,0,0),(398,0,0,'','','','','','','','',NULL,'','150px','','','','','','','',0,7,NULL,NULL,0,0,0),(399,0,0,'','','','','','','','',NULL,'','150px','','','','','','','',0,7,NULL,NULL,0,0,0),(400,0,0,'','','','','','','','',NULL,'','150px','','','','','','','',0,7,NULL,NULL,0,0,0),(401,0,0,'','','','','','','','',NULL,'','150px','','','','','','','',0,7,NULL,NULL,0,0,0),(402,0,0,'','','','','','','','',NULL,'','150px','','','','','','','',0,7,NULL,NULL,0,0,0),(403,0,0,'','','','','','','','',NULL,'','150px','','','','','','','',0,7,NULL,NULL,0,0,0),(404,0,0,'','','','','','','','',NULL,'','150px','','','','','','','',0,7,NULL,NULL,0,0,0),(405,0,0,'','','','','','','','',NULL,'','150px','','','','','','','',0,7,NULL,NULL,0,0,0),(406,0,0,'','','','','','','','',NULL,'','150px','','','','','','','',0,7,NULL,NULL,0,0,0),(407,0,0,'','','','','','','','',NULL,'','150px','','','','','','','',0,7,NULL,NULL,0,0,0),(408,0,0,'','','','','','','','',NULL,'','150px','','','','','','','',0,7,NULL,NULL,0,0,0),(409,0,0,'','','','','','','','',NULL,'','150px','','','','','','','',0,7,NULL,NULL,0,0,0),(410,0,0,'','','','','','','','',NULL,'','150px','','','','','','','',0,7,NULL,NULL,0,0,0),(411,0,0,'','','','','','','','',NULL,'','150px','','','','','','','',0,7,NULL,NULL,0,0,0),(412,0,0,'','','','','','','','',NULL,'','150px','','','','','','','',0,7,NULL,NULL,0,0,0),(413,0,0,'','','','','','','','',NULL,'','150px','','','','','','','',0,7,NULL,NULL,0,0,0),(414,0,0,'','','','','','','','',NULL,'','150px','','','','','','','',0,7,NULL,NULL,0,0,0),(415,0,0,'','','','','','','','',NULL,'','150px','','','','','','','',0,7,NULL,NULL,0,0,0),(416,0,0,'','','','','','','','',NULL,'','150px','','','','','','','',0,7,NULL,NULL,0,0,0),(417,0,0,'','','','','','','','',NULL,'','150px','','','','','','','',0,7,NULL,NULL,0,0,0),(418,0,0,'','','','','','','','',NULL,'','150px','','','','','','','',0,7,NULL,NULL,0,0,0),(419,0,0,'','','','','','','','',NULL,'','150px','','','','','','','',0,7,NULL,NULL,0,0,0),(420,0,0,'','','','','','','','',NULL,'','150px','','','','','','','',0,7,NULL,NULL,0,0,0),(421,0,0,'','','','','','','','',NULL,'','150px','','','','','','','',0,7,NULL,NULL,0,0,0),(422,0,0,'','','','','','','','',NULL,'','150px','','','','','','','',0,7,NULL,NULL,0,0,0),(423,0,0,'','','','','','','','',NULL,'','150px','','','','','','','',0,7,NULL,NULL,0,0,0),(424,0,0,'','','','','','','','',NULL,'','150px','','','','','','','',0,7,NULL,NULL,0,0,0),(425,0,0,'','','','','','','','',NULL,'','150px','','','','','','','',0,7,NULL,NULL,0,0,0),(426,0,0,'','','','','','','','',NULL,'','150px','','','','','','','',0,7,NULL,NULL,0,0,0),(427,0,0,'','','','','','','','',NULL,'','150px','','','','','','','',0,7,NULL,NULL,0,0,0),(428,0,0,'','','','','','','','',NULL,'','150px','','','','','','','',0,7,NULL,NULL,0,0,0),(429,0,0,'','','','','','','','',NULL,'','150px','','','','','','','',0,7,NULL,NULL,0,0,0),(430,0,0,'','','','','','','','',NULL,'','150px','','','','','','','',0,7,NULL,NULL,0,0,0),(431,0,0,'','','','','','','','',NULL,'','150px','','','','','','','',0,7,NULL,NULL,0,0,0),(432,0,0,'','','','','','','','',NULL,'','150px','','','','','','','',0,7,NULL,NULL,0,0,0),(433,0,0,'','','','','','','','',NULL,'','150px','','','','','','','',0,7,NULL,NULL,0,0,0),(434,0,0,'','','','','','','','',NULL,'','150px','','','','','','','',0,7,NULL,NULL,0,0,0),(435,0,0,'','','','','','','','',NULL,'','150px','','','','','','','',0,7,NULL,NULL,0,0,0),(436,0,0,'','','','','','','','',NULL,'','150px','','','','','','','',0,7,NULL,NULL,0,0,0),(437,0,0,'','','','','','','','',NULL,'','150px','','','','','','','',0,7,NULL,NULL,0,0,0),(438,0,0,'','','','','','','','',NULL,'','150px','','','','','','','',0,7,NULL,NULL,0,0,0),(439,0,0,'','','','','','','','',NULL,'','150px','','','','','','','',0,7,NULL,NULL,0,0,0),(440,0,0,'','','','','','','','',NULL,'','150px','','','','','','','',0,7,NULL,NULL,0,0,0),(441,0,0,'','','','','','','','',NULL,'','150px','','','','','','','',0,7,NULL,NULL,0,0,0),(442,0,0,'','','','','','','','',NULL,'','150px','','','','','','','',0,7,NULL,NULL,0,0,0),(443,0,0,'','','','','','','','',NULL,'','150px','','','','','','','',0,7,NULL,NULL,0,0,0),(444,0,0,'','','','','','','','',NULL,'','150px','','','','','','','',0,7,NULL,NULL,0,0,0),(445,0,0,'','','','','','','','',NULL,'','150px','','','','','','','',0,7,NULL,NULL,0,0,0),(446,0,0,'','','','','','','','',NULL,'','150px','','','','','','','',0,7,NULL,NULL,0,0,0),(447,0,0,'','','','','','','','',NULL,'','150px','','','','','','','',0,7,NULL,NULL,0,0,0),(448,0,0,'','','','','','','','',NULL,'','150px','','','','','','','',0,7,NULL,NULL,0,0,0),(449,0,0,'','','','','','','','',NULL,'','150px','','','','','','','',0,7,NULL,NULL,0,0,0),(450,0,0,'','','','','','','','',NULL,'','150px','','','','','','','',0,7,NULL,NULL,0,0,0),(451,0,0,'','','','','','','','',NULL,'','150px','','','','','','','',0,7,NULL,NULL,0,0,0),(452,0,0,'','','','','','','','',NULL,'','150px','','','','','','','',0,7,NULL,NULL,0,0,0),(453,0,0,'','','','','','','','',NULL,'','150px','','','','','','','',0,7,NULL,NULL,0,0,0),(454,0,0,'','','','','','','','',NULL,'','150px','','','','','','','',0,7,NULL,NULL,0,0,0),(455,0,0,'','','','','','','','',NULL,'','150px','','','','','','','',0,7,NULL,NULL,0,0,0),(456,0,0,'','','','','','','','',NULL,'','150px','','','','','','','',0,7,NULL,NULL,0,0,0),(457,0,0,'','','','','','','','',NULL,'','150px','','','','','','','',0,7,NULL,NULL,0,0,0),(458,0,0,'','','','','','','','',NULL,'','150px','','','','','','','',0,7,NULL,NULL,0,0,0),(459,0,0,'','','','','','','','',NULL,'','150px','','','','','','','',0,7,NULL,NULL,0,0,0),(460,0,0,'','','','','','','','',NULL,'','150px','','','','','','','',0,7,NULL,NULL,0,0,0),(461,0,0,'','','','','','','','',NULL,'','150px','','','','','','','',0,7,NULL,NULL,0,0,0),(462,0,0,'','','','','','','','',NULL,'','150px','','','','','','','',0,7,NULL,NULL,0,0,0),(463,0,0,'','','','','','','','',NULL,'','150px','','','','','','','',0,7,NULL,NULL,0,0,0),(464,0,0,'','','','','','','','',NULL,'','150px','','','','','','','',0,7,NULL,NULL,0,0,0),(465,0,0,'','','','','','','','',NULL,'','150px','','','','','','','',0,7,NULL,NULL,0,0,0),(466,0,0,'','','','','','','','',NULL,'','150px','','','','','','','',0,7,NULL,NULL,0,0,0),(467,0,0,'','','','','','','','',NULL,'','150px','','','','','','','',0,7,NULL,NULL,0,0,0),(468,0,0,'','','','','','','','',NULL,'','150px','','','','','','','',0,7,NULL,NULL,0,0,0),(469,0,0,'','','','','','','','',NULL,'','150px','','','','','','','',0,7,NULL,NULL,0,0,0),(470,0,0,'','','','','','','','',NULL,'','150px','','','','','','','',0,7,NULL,NULL,0,0,0),(471,0,0,'','','','','','','','',NULL,'','150px','','','','','','','',0,7,NULL,NULL,0,0,0),(472,0,0,'','','','','','','','',NULL,'','150px','','','','','','','',0,7,NULL,NULL,0,0,0),(473,0,0,'','','','','','','','',NULL,'','150px','','','','','','','',0,7,NULL,NULL,0,0,0),(474,0,0,'','','','','','','','',NULL,'','150px','','','','','','','',0,7,NULL,NULL,0,0,0),(475,0,0,'','','','','','','','',NULL,'','150px','','','','','','','',0,7,NULL,NULL,0,0,0),(476,0,0,'','','','','','','','',NULL,'','150px','','','','','','','',0,7,NULL,NULL,0,0,0),(477,0,0,'','','','','','','','',NULL,'','150px','','','','','','','',0,7,NULL,NULL,0,0,0),(478,0,0,'','','','','','','','',NULL,'','150px','','','','','','','',0,7,NULL,NULL,0,0,0),(479,0,0,'','','','','','','','',NULL,'','150px','','','','','','','',0,7,NULL,NULL,0,0,0),(480,0,0,'','','','','','','','',NULL,'','150px','','','','','','','',0,7,NULL,NULL,0,0,0),(481,0,0,'','','','','','','','',NULL,'','150px','','','','','','','',0,7,NULL,NULL,0,0,0),(482,0,0,'','','','','','','','',NULL,'','150px','','','','','','','',0,7,NULL,NULL,0,0,0),(483,0,0,'','','','','','','','',NULL,'','150px','','','','','','','',0,7,NULL,NULL,0,0,0),(484,0,0,'','','','','','','','',NULL,'','150px','','','','','','','',0,7,NULL,NULL,0,0,0),(485,0,0,'','','','','','','','',NULL,'','150px','','','','','','','',0,7,NULL,NULL,0,0,0),(486,0,0,'','','','','','','','',NULL,'','150px','','','','','','','',0,7,NULL,NULL,0,0,0),(487,0,0,'','','','','','','','',NULL,'','150px','','','','','','','',0,7,NULL,NULL,0,0,0),(488,0,0,'','','','','','','','',NULL,'','150px','','','','','','','',0,7,NULL,NULL,0,0,0),(489,0,0,'','','','','','','','',NULL,'','150px','','','','','','','',0,7,NULL,NULL,0,0,0),(490,0,0,'','','','','','','','',NULL,'','150px','','','','','','','',0,7,NULL,NULL,0,0,0),(491,0,0,'','','','','','','','',NULL,'','150px','','','','','','','',0,7,NULL,NULL,0,0,0),(492,0,0,'','','','','','','','',NULL,'','150px','','','','','','','',0,7,NULL,NULL,0,0,0),(493,0,0,'','','','','','','','',NULL,'','150px','','','','','','','',0,7,NULL,NULL,0,0,0),(494,0,0,'','','','','','','','',NULL,'','150px','','','','','','','',0,7,NULL,NULL,0,0,0),(495,0,0,'','','','','','','','',NULL,'','150px','','','','','','','',0,7,NULL,NULL,0,0,0),(496,0,0,'','','','','','','','',NULL,'','150px','','','','','','','',0,7,NULL,NULL,0,0,0),(497,0,0,'','','','','','','','',NULL,'','150px','','','','','','','',0,7,NULL,NULL,0,0,0),(498,0,0,'','','','','','','','',NULL,'','150px','','','','','','','',0,7,NULL,NULL,0,0,0),(499,0,0,'','','','','','','','',NULL,'','150px','','','','','','','',0,7,NULL,NULL,0,0,0),(500,0,0,'','','','','','','','',NULL,'','150px','','','','','','','',0,7,NULL,NULL,0,0,0),(501,0,0,'','','','','','','','',NULL,'','150px','','','','','','','',0,7,NULL,NULL,0,0,0),(502,0,0,'','','','','','','','',NULL,'','150px','','','','','','','',0,7,NULL,NULL,0,0,0),(503,0,0,'','','','','','','','',NULL,'','150px','','','','','','','',0,7,NULL,NULL,0,0,0),(504,0,0,'','','','','','','','',NULL,'','150px','','','','','','','',0,7,NULL,NULL,0,0,0),(505,0,0,'','','','','','','','',NULL,'','150px','','','','','','','',0,7,NULL,NULL,0,0,0),(506,0,0,'','','','','','','','',NULL,'','150px','','','','','','','',0,7,NULL,NULL,0,0,0),(507,0,0,'','','','','','','','',NULL,'','150px','','','','','','','',0,7,NULL,NULL,0,0,0),(508,0,0,'','','','','','','','',NULL,'','150px','','','','','','','',0,7,NULL,NULL,0,0,0),(509,0,0,'','','','','','','','',NULL,'','150px','','','','','','','',0,7,NULL,NULL,0,0,0),(510,0,0,'','','','','','','','',NULL,'','150px','','','','','','','',0,7,NULL,NULL,0,0,0),(511,0,0,'','','','','','','','',NULL,'','150px','','','','','','','',0,7,NULL,NULL,0,0,0),(512,0,0,'','','','','','','','',NULL,'','150px','','','','','','','',0,7,NULL,NULL,0,0,0),(513,0,0,'','','','','','','','',NULL,'','150px','','','','','','','',0,7,NULL,NULL,0,0,0),(514,0,0,'','','','','','','','',NULL,'','150px','','','','','','','',0,7,NULL,NULL,0,0,0),(515,0,0,'','','','','','','','',NULL,'','150px','','','','','','','',0,7,NULL,NULL,0,0,0),(516,0,0,'','','','','','','','',NULL,'','150px','','','','','','','',0,7,NULL,NULL,0,0,0),(517,0,0,'','','','','','','','',NULL,'','150px','','','','','','','',0,7,NULL,NULL,0,0,0),(518,0,0,'','','','','','','','',NULL,'','150px','','','','','','','',0,7,NULL,NULL,0,0,0),(519,0,0,'','','','','','','','',NULL,'','150px','','','','','','','',0,7,NULL,NULL,0,0,0),(520,0,0,'','','','','','','','',NULL,'','150px','','','','','','','',0,7,NULL,NULL,0,0,0),(521,0,0,'','','','','','','','',NULL,'','150px','','','','','','','',0,7,NULL,NULL,0,0,0),(522,0,0,'','','','','','','','',NULL,'','150px','','','','','','','',0,7,NULL,NULL,0,0,0),(523,0,0,'','','','','','','','',NULL,'','150px','','','','','','','',0,7,NULL,NULL,0,0,0),(524,0,0,'','','','','','','','',NULL,'','150px','','','','','','','',0,7,NULL,NULL,0,0,0),(525,0,0,'','','','','','','','',NULL,'','150px','','','','','','','',0,7,NULL,NULL,0,0,0),(526,0,0,'','','','','','','','',NULL,'','150px','','','','','','','',0,7,NULL,NULL,0,0,0),(527,0,0,'','','','','','','','',NULL,'','150px','','','','','','','',0,7,NULL,NULL,0,0,0),(528,0,0,'','','','','','','','',NULL,'','150px','','','','','','','',0,7,NULL,NULL,0,0,0),(529,0,0,'','','','','','','','',NULL,'','150px','','','','','','','',0,7,NULL,NULL,0,0,0),(530,0,0,'','','','','','','','',NULL,'','150px','','','','','','','',0,7,NULL,NULL,0,0,0),(531,0,0,'','','','','','','','',NULL,'','150px','','','','','','','',0,7,NULL,NULL,0,0,0),(532,0,0,'','','','','','','','',NULL,'','150px','','','','','','','',0,7,NULL,NULL,0,0,0),(533,0,0,'','','','','','','','',NULL,'','150px','','','','','','','',0,7,NULL,NULL,0,0,0),(534,0,0,'','','','','','','','',NULL,'','150px','','','','','','','',0,7,NULL,NULL,0,0,0),(535,0,0,'','','','','','','','',NULL,'','150px','','','','','','','',0,7,NULL,NULL,0,0,0),(536,0,0,'','','','','','','','',NULL,'','150px','','','','','','','',0,7,NULL,NULL,0,0,0),(537,0,0,'','','','','','','','',NULL,'','150px','','','','','','','',0,7,NULL,NULL,0,0,0),(538,0,0,'','','','','','','','',NULL,'','150px','','','','','','','',0,7,NULL,NULL,0,0,0),(539,0,0,'','','','','','','','',NULL,'','150px','','','','','','','',0,7,NULL,NULL,0,0,0),(540,0,0,'','','','','','','','',NULL,'','150px','','','','','','','',0,7,NULL,NULL,0,0,0),(541,0,0,'','','','','','','','',NULL,'','150px','','','','','','','',0,7,NULL,NULL,0,0,0),(542,0,0,'','','','','','','','',NULL,'','150px','','','','','','','',0,7,NULL,NULL,0,0,0),(543,0,0,'','','','','','','','',NULL,'','150px','','','','','','','',0,7,NULL,NULL,0,0,0),(544,0,0,'','','','','','','','',NULL,'','150px','','','','','','','',0,7,NULL,NULL,0,0,0),(545,0,0,'','','','','','','','',NULL,'','150px','','','','','','','',0,7,NULL,NULL,0,0,0),(546,0,0,'','','','','','','','',NULL,'','150px','','','','','','','',0,7,NULL,NULL,0,0,0),(547,0,0,'','','','','','','','',NULL,'','150px','','','','','','','',0,7,NULL,NULL,0,0,0),(548,0,0,'','','','','','','','',NULL,'','150px','','','','','','','',0,7,NULL,NULL,0,0,0),(549,0,0,'','','','','','','','',NULL,'','150px','','','','','','','',0,7,NULL,NULL,0,0,0),(550,0,0,'','','','','','','','',NULL,'','150px','','','','','','','',0,7,NULL,NULL,0,0,0),(551,0,0,'','','','','','','','',NULL,'','150px','','','','','','','',0,7,NULL,NULL,0,0,0),(552,0,0,'','','','','','','','',NULL,'','150px','','','','','','','',0,7,NULL,NULL,0,0,0),(553,0,0,'','','','','','','','',NULL,'','150px','','','','','','','',0,7,NULL,NULL,0,0,0),(554,0,0,'','','','','','','','',NULL,'','150px','','','','','','','',0,7,NULL,NULL,0,0,0),(555,0,0,'','','','','','','','',NULL,'','150px','','','','','','','',0,7,NULL,NULL,0,0,0),(556,0,0,'','','','','','','','',NULL,'','150px','','','','','','','',0,7,NULL,NULL,0,0,0),(557,0,0,'','','','','','','','',NULL,'','150px','','','','','','','',0,7,NULL,NULL,0,0,0),(558,0,0,'','','','','','','','',NULL,'','150px','','','','','','','',0,7,NULL,NULL,0,0,0),(559,0,0,'','','','','','','','',NULL,'','150px','','','','','','','',0,7,NULL,NULL,0,0,0),(560,0,0,'','','','','','','','',NULL,'','150px','','','','','','','',0,7,NULL,NULL,0,0,0),(561,0,0,'','','','','','','','',NULL,'','150px','','','','','','','',0,7,NULL,NULL,0,0,0),(562,0,0,'','','','','','','','',NULL,'','150px','','','','','','','',0,7,NULL,NULL,0,0,0),(563,0,0,'','','','','','','','',NULL,'','150px','','','','','','','',0,7,NULL,NULL,0,0,0),(564,0,0,'','','','','','','','',NULL,'','150px','','','','','','','',0,7,NULL,NULL,0,0,0),(565,0,0,'','','','','','','','',NULL,'','150px','','','','','','','',0,7,NULL,NULL,0,0,0),(566,0,0,'','','','','','','','',NULL,'','150px','','','','','','','',0,7,NULL,NULL,0,0,0),(567,0,0,'','','','','','','','',NULL,'','150px','','','','','','','',0,7,NULL,NULL,0,0,0),(568,0,0,'','','','','','','','',NULL,'','150px','','','','','','','',0,7,NULL,NULL,0,0,0),(569,0,0,'','','','','','','','',NULL,'','150px','','','','','','','',0,7,NULL,NULL,0,0,0),(570,0,0,'','','','','','','','',NULL,'','150px','','','','','','','',0,7,NULL,NULL,0,0,0),(571,0,0,'','','','','','','','',NULL,'','150px','','','','','','','',0,7,NULL,NULL,0,0,0),(572,0,0,'','','','','','','','',NULL,'','150px','','','','','','','',0,7,NULL,NULL,0,0,0),(573,0,0,'','','','','','','','',NULL,'','150px','','','','','','','',0,7,NULL,NULL,0,0,0),(574,0,0,'','','','','','','','',NULL,'','150px','','','','','','','',0,7,NULL,NULL,0,0,0),(575,0,0,'','','','','','','','',NULL,'','150px','','','','','','','',0,7,NULL,NULL,0,0,0),(576,0,0,'','','','','','','','',NULL,'','150px','','','','','','','',0,7,NULL,NULL,0,0,0),(577,0,0,'','','','','','','','',NULL,'','150px','','','','','','','',0,7,NULL,NULL,0,0,0),(578,0,0,'','','','','','','','',NULL,'','150px','','','','','','','',0,7,NULL,NULL,0,0,0),(579,0,0,'','','','','','','','',NULL,'','150px','','','','','','','',0,7,NULL,NULL,0,0,0),(580,0,0,'','','','','','','','',NULL,'','150px','','','','','','','',0,7,NULL,NULL,0,0,0),(581,0,0,'','','','','','','','',NULL,'','150px','','','','','','','',0,7,NULL,NULL,0,0,0),(582,0,0,'','','','','','','','',NULL,'','150px','','','','','','','',0,7,NULL,NULL,0,0,0),(583,0,0,'','','','','','','','',NULL,'','150px','','','','','','','',0,7,NULL,NULL,0,0,0),(584,0,0,'','','','','','','','',NULL,'','150px','','','','','','','',0,7,NULL,NULL,0,0,0),(585,0,0,'','','','','','','','',NULL,'','150px','','','','','','','',0,7,NULL,NULL,0,0,0),(586,0,0,'','','','','','','','',NULL,'','150px','','','','','','','',0,7,NULL,NULL,0,0,0),(587,0,0,'','','','','','','','',NULL,'','150px','','','','','','','',0,7,NULL,NULL,0,0,0),(588,0,0,'','','','','','','','',NULL,'','150px','','','','','','','',0,7,NULL,NULL,0,0,0),(589,0,0,'','','','','','','','',NULL,'','150px','','','','','','','',0,7,NULL,NULL,0,0,0),(590,0,0,'','','','','','','','',NULL,'','150px','','','','','','','',0,7,NULL,NULL,0,0,0),(591,0,0,'','','','','','','','',NULL,'','150px','','','','','','','',0,7,NULL,NULL,0,0,0),(592,0,0,'','','','','','','','',NULL,'','150px','','','','','','','',0,7,NULL,NULL,0,0,0),(593,0,0,'','','','','','','','',NULL,'','150px','','','','','','','',0,7,NULL,NULL,0,0,0),(594,0,0,'','','','','','','','',NULL,'','150px','','','','','','','',0,7,NULL,NULL,0,0,0),(595,0,0,'','','','','','','','',NULL,'','150px','','','','','','','',0,7,NULL,NULL,0,0,0),(596,0,0,'','','','','','','','',NULL,'','150px','','','','','','','',0,7,NULL,NULL,0,0,0),(597,0,0,'','','','','','','','',NULL,'','150px','','','','','','','',0,7,NULL,NULL,0,0,0),(598,0,0,'','','','','','','','',NULL,'','150px','','','','','','','',0,7,NULL,NULL,0,0,0),(599,0,0,'','','','','','','','',NULL,'','150px','','','','','','','',0,7,NULL,NULL,0,0,0),(600,0,0,'','','','','','','','',NULL,'','150px','','','','','','','',0,7,NULL,NULL,0,0,0),(601,0,0,'','','','','','','','',NULL,'','150px','','','','','','','',0,7,NULL,NULL,0,0,0),(602,0,0,'','','','','','','','',NULL,'','150px','','','','','','','',0,7,NULL,NULL,0,0,0),(603,0,0,'','','','','','','','',NULL,'','150px','','','','','','','',0,7,NULL,NULL,0,0,0),(604,0,0,'','','','','','','','',NULL,'','150px','','','','','','','',0,7,NULL,NULL,0,0,0),(605,0,0,'','','','','','','','',NULL,'','150px','','','','','','','',0,7,NULL,NULL,0,0,0),(606,0,0,'','','','','','','','',NULL,'','150px','','','','','','','',0,7,NULL,NULL,0,0,0),(607,0,0,'','','','','','','','',NULL,'','150px','','','','','','','',0,7,NULL,NULL,0,0,0),(608,0,0,'','','','','','','','',NULL,'','150px','','','','','','','',0,7,NULL,NULL,0,0,0),(609,0,0,'','','','','','','','',NULL,'','150px','','','','','','','',0,7,NULL,NULL,0,0,0),(610,0,0,'','','','','','','','',NULL,'','150px','','','','','','','',0,7,NULL,NULL,0,0,0),(611,0,0,'','','','','','','','',NULL,'','150px','','','','','','','',0,7,NULL,NULL,0,0,0),(612,0,0,'','','','','','','','',NULL,'','150px','','','','','','','',0,7,NULL,NULL,0,0,0),(613,0,0,'','','','','','','','',NULL,'','150px','','','','','','','',0,7,NULL,NULL,0,0,0),(614,0,0,'','','','','','','','',NULL,'','150px','','','','','','','',0,7,NULL,NULL,0,0,0),(615,0,0,'','','','','','','','',NULL,'','150px','','','','','','','',0,7,NULL,NULL,0,0,0),(616,0,0,'','','','','','','','',NULL,'','150px','','','','','','','',0,7,NULL,NULL,0,0,0),(617,0,0,'','','','','','','','',NULL,'','150px','','','','','','','',0,7,NULL,NULL,0,0,0),(618,0,0,'','','','','','','','',NULL,'','150px','','','','','','','',0,7,NULL,NULL,0,0,0),(619,0,0,'','','','','','','','',NULL,'','150px','','','','','','','',0,7,NULL,NULL,0,0,0),(620,0,0,'','','','','','','','',NULL,'','150px','','','','','','','',0,7,NULL,NULL,0,0,0),(621,0,0,'','','','','','','','',NULL,'','150px','','','','','','','',0,7,NULL,NULL,0,0,0),(622,0,0,'','','','','','','','',NULL,'','150px','','','','','','','',0,7,NULL,NULL,0,0,0),(623,0,0,'','','','','','','','',NULL,'','150px','','','','','','','',0,7,NULL,NULL,0,0,0),(624,0,0,'','','','','','','','',NULL,'','150px','','','','','','','',0,7,NULL,NULL,0,0,0),(625,0,0,'','','','','','','','',NULL,'','150px','','','','','','','',0,7,NULL,NULL,0,0,0),(626,0,0,'','','','','','','','',NULL,'','150px','','','','','','','',0,7,NULL,NULL,0,0,0),(627,0,0,'','','','','','','','',NULL,'','150px','','','','','','','',0,7,NULL,NULL,0,0,0),(628,0,0,'','','','','','','','',NULL,'','150px','','','','','','','',0,7,NULL,NULL,0,0,0),(629,0,0,'','','','','','','','',NULL,'','150px','','','','','','','',0,7,NULL,NULL,0,0,0),(630,0,0,'','','','','','','','',NULL,'','150px','','','','','','','',0,7,NULL,NULL,0,0,0),(631,0,0,'','','','','','','','',NULL,'','150px','','','','','','','',0,7,NULL,NULL,0,0,0),(632,0,0,'','','','','','','','',NULL,'','150px','','','','','','','',0,7,NULL,NULL,0,0,0),(633,0,0,'','','','','','','','',NULL,'','150px','','','','','','','',0,7,NULL,NULL,0,0,0),(634,0,0,'','','','','','','','',NULL,'','150px','','','','','','','',0,7,NULL,NULL,0,0,0),(635,0,0,'','','','','','','','',NULL,'','150px','','','','','','','',0,7,NULL,NULL,0,0,0),(636,0,0,'','','','','','','','',NULL,'','150px','','','','','','','',0,7,NULL,NULL,0,0,0),(637,0,0,'','','','','','','','',NULL,'','150px','','','','','','','',0,7,NULL,NULL,0,0,0),(638,0,0,'','','','','','','','',NULL,'','150px','','','','','','','',0,7,NULL,NULL,0,0,0),(639,0,0,'','','','','','','','',NULL,'','150px','','','','','','','',0,7,NULL,NULL,0,0,0),(640,0,0,'','','','','','','','',NULL,'','150px','','','','','','','',0,7,NULL,NULL,0,0,0),(641,0,0,'','','','','','','','',NULL,'','150px','','','','','','','',0,7,NULL,NULL,0,0,0),(642,0,0,'','','','','','','','',NULL,'','150px','','','','','','','',0,7,NULL,NULL,0,0,0),(643,0,0,'','','','','','','','',NULL,'','150px','','','','','','','',0,7,NULL,NULL,0,0,0),(644,0,0,'','','','','','','','',NULL,'','150px','','','','','','','',0,7,NULL,NULL,0,0,0),(645,0,0,'','','','','','','','',NULL,'','150px','','','','','','','',0,7,NULL,NULL,0,0,0),(646,0,0,'','','','','','','','',NULL,'','150px','','','','','','','',0,7,NULL,NULL,0,0,0),(647,0,0,'','','','','','','','',NULL,'','150px','','','','','','','',0,7,NULL,NULL,0,0,0),(648,0,0,'','','','','','','','',NULL,'','150px','','','','','','','',0,7,NULL,NULL,0,0,0),(649,0,0,'','','','','','','','',NULL,'','150px','','','','','','','',0,7,NULL,NULL,0,0,0),(650,0,0,'','','','','','','','',NULL,'','150px','','','','','','','',0,7,NULL,NULL,0,0,0),(651,0,0,'','','','','','','','',NULL,'','150px','','','','','','','',0,7,NULL,NULL,0,0,0),(652,0,0,'','','','','','','','',NULL,'','150px','','','','','','','',0,7,NULL,NULL,0,0,0),(653,0,0,'','','','','','','','',NULL,'','150px','','','','','','','',0,7,NULL,NULL,0,0,0),(654,0,0,'','','','','','','','',NULL,'','150px','','','','','','','',0,7,NULL,NULL,0,0,0),(655,0,0,'','','','','','','','',NULL,'','150px','','','','','','','',0,7,NULL,NULL,0,0,0),(656,0,0,'','','','','','','','',NULL,'','150px','','','','','','','',0,7,NULL,NULL,0,0,0),(657,0,0,'','','','','','','','',NULL,'','150px','','','','','','','',0,7,NULL,NULL,0,0,0),(658,0,0,'','','','','','','','',NULL,'','150px','','','','','','','',0,7,NULL,NULL,0,0,0),(659,0,0,'','','','','','','','',NULL,'','150px','','','','','','','',0,7,NULL,NULL,0,0,0),(660,0,0,'','','','','','','','',NULL,'','150px','','','','','','','',0,7,NULL,NULL,0,0,0),(661,0,0,'','','','','','','','',NULL,'','150px','','','','','','','',0,7,NULL,NULL,0,0,0),(662,0,0,'','','','','','','','',NULL,'','150px','','','','','','','',0,7,NULL,NULL,0,0,0),(663,0,0,'','','','','','','','',NULL,'','150px','','','','','','','',0,7,NULL,NULL,0,0,0),(664,0,0,'','','','','','','','',NULL,'','150px','','','','','','','',0,7,NULL,NULL,0,0,0),(665,0,0,'','','','','','','','',NULL,'','150px','','','','','','','',0,7,NULL,NULL,0,0,0),(666,0,0,'','','','','','','','',NULL,'','150px','','','','','','','',0,7,NULL,NULL,0,0,0),(667,0,0,'','','','','','','','',NULL,'','150px','','','','','','','',0,7,NULL,NULL,0,0,0),(668,0,0,'','','','','','','','',NULL,'','150px','','','','','','','',0,7,NULL,NULL,0,0,0),(669,0,0,'','','','','','','','',NULL,'','150px','','','','','','','',0,7,NULL,NULL,0,0,0),(670,0,0,'','','','','','','','',NULL,'','150px','','','','','','','',0,7,NULL,NULL,0,0,0),(671,0,0,'','','','','','','','',NULL,'','150px','','','','','','','',0,7,NULL,NULL,0,0,0),(672,0,0,'','','','','','','','',NULL,'','150px','','','','','','','',0,7,NULL,NULL,0,0,0),(673,0,0,'','','','','','','','',NULL,'','150px','','','','','','','',0,7,NULL,NULL,0,0,0),(674,0,0,'','','','','','','','',NULL,'','150px','','','','','','','',0,7,NULL,NULL,0,0,0),(675,0,0,'','','','','','','','',NULL,'','150px','','','','','','','',0,7,NULL,NULL,0,0,0),(676,0,0,'','','','','','','','',NULL,'','150px','','','','','','','',0,7,NULL,NULL,0,0,0),(677,0,0,'','','','','','','','',NULL,'','150px','','','','','','','',0,7,NULL,NULL,0,0,0),(678,0,0,'','','','','','','','',NULL,'','150px','','','','','','','',0,7,NULL,NULL,0,0,0),(679,0,0,'','','','','','','','',NULL,'','150px','','','','','','','',0,7,NULL,NULL,0,0,0),(680,0,0,'','','','','','','','',NULL,'','150px','','','','','','','',0,7,NULL,NULL,0,0,0),(681,0,0,'','','','','','','','',NULL,'','150px','','','','','','','',0,7,NULL,NULL,0,0,0),(682,0,0,'','','','','','','','',NULL,'','150px','','','','','','','',0,7,NULL,NULL,0,0,0),(683,0,0,'','','','','','','','',NULL,'','150px','','','','','','','',0,7,NULL,NULL,0,0,0),(684,0,0,'','','','','','','','',NULL,'','150px','','','','','','','',0,7,NULL,NULL,0,0,0),(685,0,0,'','','','','','','','',NULL,'','150px','','','','','','','',0,7,NULL,NULL,0,0,0),(686,0,0,'','','','','','','','',NULL,'','150px','','','','','','','',0,7,NULL,NULL,0,0,0),(687,0,0,'','','','','','','','',NULL,'','150px','','','','','','','',0,7,NULL,NULL,0,0,0),(688,0,0,'','','','','','','','',NULL,'','150px','','','','','','','',0,7,NULL,NULL,0,0,0),(689,0,0,'','','','','','','','',NULL,'','150px','','','','','','','',0,7,NULL,NULL,0,0,0),(690,0,0,'','','','','','','','',NULL,'','150px','','','','','','','',0,7,NULL,NULL,0,0,0),(691,0,0,'','','','','','','','',NULL,'','150px','','','','','','','',0,7,NULL,NULL,0,0,0),(692,0,0,'','','','','','','','',NULL,'','150px','','','','','','','',0,7,NULL,NULL,0,0,0),(693,0,0,'','','','','','','','',NULL,'','150px','','','','','','','',0,7,NULL,NULL,0,0,0),(694,0,0,'','','','','','','','',NULL,'','150px','','','','','','','',0,7,NULL,NULL,0,0,0),(695,0,0,'','','','','','','','',NULL,'','150px','','','','','','','',0,7,NULL,NULL,0,0,0),(696,0,0,'','','','','','','','',NULL,'','150px','','','','','','','',0,7,NULL,NULL,0,0,0),(697,0,0,'','','','','','','','',NULL,'','150px','','','','','','','',0,7,NULL,NULL,0,0,0),(698,0,0,'','','','','','','','',NULL,'','150px','','','','','','','',0,7,NULL,NULL,0,0,0),(699,0,0,'','','','','','','','',NULL,'','150px','','','','','','','',0,7,NULL,NULL,0,0,0),(700,0,0,'','','','','','','','',NULL,'','150px','','','','','','','',0,7,NULL,NULL,0,0,0),(701,0,0,'','','','','','','','',NULL,'','150px','','','','','','','',0,7,NULL,NULL,0,0,0),(702,0,0,'','','','','','','','',NULL,'','150px','','','','','','','',0,7,NULL,NULL,0,0,0),(703,0,0,'','','','','','','','',NULL,'','150px','','','','','','','',0,7,NULL,NULL,0,0,0),(704,0,0,'','','','','','','','',NULL,'','150px','','','','','','','',0,7,NULL,NULL,0,0,0),(705,0,0,'','','','','','','','',NULL,'','150px','','','','','','','',0,7,NULL,NULL,0,0,0),(706,0,0,'','','','','','','','',NULL,'','150px','','','','','','','',0,7,NULL,NULL,0,0,0),(707,0,0,'','','','','','','','',NULL,'','150px','','','','','','','',0,7,NULL,NULL,0,0,0),(708,0,0,'','','','','','','','',NULL,'','150px','','','','','','','',0,7,NULL,NULL,0,0,0),(709,0,0,'','','','','','','','',NULL,'','150px','','','','','','','',0,7,NULL,NULL,0,0,0),(710,0,0,'','','','','','','','',NULL,'','150px','','','','','','','',0,7,NULL,NULL,0,0,0),(711,0,0,'','','','','','','','',NULL,'','150px','','','','','','','',0,7,NULL,NULL,0,0,0),(712,0,0,'','','','','','','','',NULL,'','150px','','','','','','','',0,7,NULL,NULL,0,0,0),(713,0,0,'','','','','','','','',NULL,'','150px','','','','','','','',0,7,NULL,NULL,0,0,0),(714,0,0,'','','','','','','','',NULL,'','150px','','','','','','','',0,7,NULL,NULL,0,0,0),(715,0,0,'','','','','','','','',NULL,'','150px','','','','','','','',0,7,NULL,NULL,0,0,0),(716,0,0,'','','','','','','','',NULL,'','150px','','','','','','','',0,7,NULL,NULL,0,0,0),(717,0,0,'','','','','','','','',NULL,'','150px','','','','','','','',0,7,NULL,NULL,0,0,0),(718,0,0,'','','','','','','','',NULL,'','150px','','','','','','','',0,7,NULL,NULL,0,0,0),(719,0,0,'','','','','','','','',NULL,'','150px','','','','','','','',0,7,NULL,NULL,0,0,0),(720,0,0,'','','','','','','','',NULL,'','150px','','','','','','','',0,7,NULL,NULL,0,0,0),(721,0,0,'','','','','','','','',NULL,'','150px','','','','','','','',0,7,NULL,NULL,0,0,0),(722,0,0,'','','','','','','','',NULL,'','150px','','','','','','','',0,7,NULL,NULL,0,0,0),(723,0,0,'','','','','','','','',NULL,'','150px','','','','','','','',0,7,NULL,NULL,0,0,0),(724,0,0,'','','','','','','','',NULL,'','150px','','','','','','','',0,7,NULL,NULL,0,0,0),(725,0,0,'','','','','','','','',NULL,'','150px','','','','','','','',0,7,NULL,NULL,0,0,0),(726,0,0,'','','','','','','','',NULL,'','150px','','','','','','','',0,7,NULL,NULL,0,0,0),(727,0,0,'','','','','','','','',NULL,'','150px','','','','','','','',0,7,NULL,NULL,0,0,0),(728,0,0,'','','','','','','','',NULL,'','150px','','','','','','','',0,7,NULL,NULL,0,0,0),(729,0,0,'','','','','','','','',NULL,'','150px','','','','','','','',0,7,NULL,NULL,0,0,0),(730,0,0,'','','','','','','','',NULL,'','150px','','','','','','','',0,7,NULL,NULL,0,0,0),(731,0,0,'','','','','','','','',NULL,'','150px','','','','','','','',0,7,NULL,NULL,0,0,0),(732,0,0,'','','','','','','','',NULL,'','150px','','','','','','','',0,7,NULL,NULL,0,0,0),(733,0,0,'','','','','','','','',NULL,'','150px','','','','','','','',0,7,NULL,NULL,0,0,0),(734,0,0,'','','','','','','','',NULL,'','150px','','','','','','','',0,7,NULL,NULL,0,0,0),(735,0,0,'','','','','','','','',NULL,'','150px','','','','','','','',0,7,NULL,NULL,0,0,0),(736,0,0,'','','','','','','','',NULL,'','150px','','','','','','','',0,7,NULL,NULL,0,0,0),(737,0,0,'','','','','','','','',NULL,'','150px','','','','','','','',0,7,NULL,NULL,0,0,0),(738,0,0,'','','','','','','','',NULL,'','150px','','','','','','','',0,7,NULL,NULL,0,0,0),(739,0,0,'','','','','','','','',NULL,'','150px','','','','','','','',0,7,NULL,NULL,0,0,0),(740,0,0,'','','','','','','','',NULL,'','150px','','','','','','','',0,7,NULL,NULL,0,0,0),(741,0,0,'','','','','','','','',NULL,'','150px','','','','','','','',0,7,NULL,NULL,0,0,0),(742,0,0,'','','','','','','','',NULL,'','150px','','','','','','','',0,7,NULL,NULL,0,0,0),(743,0,0,'','','','','','','','',NULL,'','150px','','','','','','','',0,7,NULL,NULL,0,0,0),(744,0,0,'','','','','','','','',NULL,'','150px','','','','','','','',0,7,NULL,NULL,0,0,0),(745,0,0,'','','','','','','','',NULL,'','150px','','','','','','','',0,7,NULL,NULL,0,0,0),(746,0,0,'','','','','','','','',NULL,'','150px','','','','','','','',0,7,NULL,NULL,0,0,0),(747,0,0,'','','','','','','','',NULL,'','150px','','','','','','','',0,7,NULL,NULL,0,0,0),(748,0,0,'','','','','','','','',NULL,'','150px','','','','','','','',0,7,NULL,NULL,0,0,0),(749,0,0,'','','','','','','','',NULL,'','150px','','','','','','','',0,7,NULL,NULL,0,0,0),(750,0,0,'','','','','','','','',NULL,'','150px','','','','','','','',0,7,NULL,NULL,0,0,0),(751,0,0,'','','','','','','','',NULL,'','150px','','','','','','','',0,7,NULL,NULL,0,0,0),(752,0,0,'','','','','','','','',NULL,'','150px','','','','','','','',0,7,NULL,NULL,0,0,0),(753,0,0,'','','','','','','','',NULL,'','150px','','','','','','','',0,7,NULL,NULL,0,0,0),(754,0,0,'','','','','','','','',NULL,'','150px','','','','','','','',0,7,NULL,NULL,0,0,0),(755,0,0,'','','','','','','','',NULL,'','150px','','','','','','','',0,7,NULL,NULL,0,0,0),(756,0,0,'','','','','','','','',NULL,'','150px','','','','','','','',0,7,NULL,NULL,0,0,0),(757,0,0,'','','','','','','','',NULL,'','150px','','','','','','','',0,7,NULL,NULL,0,0,0),(758,0,0,'','','','','','','','',NULL,'','150px','','','','','','','',0,7,NULL,NULL,0,0,0),(759,0,0,'','','','','','','','',NULL,'','150px','','','','','','','',0,7,NULL,NULL,0,0,0),(760,0,0,'','','','','','','','',NULL,'','150px','','','','','','','',0,7,NULL,NULL,0,0,0),(761,0,0,'','','','','','','','',NULL,'','150px','','','','','','','',0,7,NULL,NULL,0,0,0),(762,0,0,'','','','','','','','',NULL,'','150px','','','','','','','',0,7,NULL,NULL,0,0,0),(763,0,0,'','','','','','','','',NULL,'','150px','','','','','','','',0,7,NULL,NULL,0,0,0),(764,0,0,'','','','','','','','',NULL,'','150px','','','','','','','',0,7,NULL,NULL,0,0,0),(765,0,0,'','','','','','','','',NULL,'','150px','','','','','','','',0,7,NULL,NULL,0,0,0),(766,0,0,'','','','','','','','',NULL,'','150px','','','','','','','',0,7,NULL,NULL,0,0,0),(767,0,0,'','','','','','','','',NULL,'','150px','','','','','','','',0,7,NULL,NULL,0,0,0),(768,0,0,'','','','','','','','',NULL,'','150px','','','','','','','',0,7,NULL,NULL,0,0,0),(769,0,0,'','','','','','','','',NULL,'','150px','','','','','','','',0,7,NULL,NULL,0,0,0),(770,0,0,'','','','','','','','',NULL,'','150px','','','','','','','',0,7,NULL,NULL,0,0,0),(771,0,0,'','','','','','','','',NULL,'','150px','','','','','','','',0,7,NULL,NULL,0,0,0),(772,0,0,'','','','','','','','',NULL,'','150px','','','','','','','',0,7,NULL,NULL,0,0,0),(773,0,0,'','','','','','','','',NULL,'','150px','','','','','','','',0,7,NULL,NULL,0,0,0),(774,0,0,'','','','','','','','',NULL,'','150px','','','','','','','',0,7,NULL,NULL,0,0,0),(775,0,0,'','','','','','','','',NULL,'','150px','','','','','','','',0,7,NULL,NULL,0,0,0),(776,0,0,'','','','','','','','',NULL,'','150px','','','','','','','',0,7,NULL,NULL,0,0,0),(777,0,0,'','','','','','','','',NULL,'','150px','','','','','','','',0,7,NULL,NULL,0,0,0),(778,0,0,'','','','','','','','',NULL,'','150px','','','','','','','',0,7,NULL,NULL,0,0,0),(779,0,0,'','','','','','','','',NULL,'','150px','','','','','','','',0,7,NULL,NULL,0,0,0),(780,0,0,'','','','','','','','',NULL,'','150px','','','','','','','',0,7,NULL,NULL,0,0,0),(781,0,0,'','','','','','','','',NULL,'','150px','','','','','','','',0,7,NULL,NULL,0,0,0),(782,0,0,'','','','','','','','',NULL,'','150px','','','','','','','',0,7,NULL,NULL,0,0,0),(783,0,0,'','','','','','','','',NULL,'','150px','','','','','','','',0,7,NULL,NULL,0,0,0),(784,0,0,'','','','','','','','',NULL,'','150px','','','','','','','',0,7,NULL,NULL,0,0,0),(785,0,0,'','','','','','','','',NULL,'','150px','','','','','','','',0,7,NULL,NULL,0,0,0),(786,0,0,'','','','','','','','',NULL,'','150px','','','','','','','',0,7,NULL,NULL,0,0,0),(787,0,0,'','','','','','','','',NULL,'','150px','','','','','','','',0,7,NULL,NULL,0,0,0),(788,0,0,'','','','','','','','',NULL,'','150px','','','','','','','',0,7,NULL,NULL,0,0,0),(789,0,0,'','','','','','','','',NULL,'','150px','','','','','','','',0,7,NULL,NULL,0,0,0),(790,0,0,'','','','','','','','',NULL,'','150px','','','','','','','',0,7,NULL,NULL,0,0,0),(791,0,0,'','','','','','','','',NULL,'','150px','','','','','','','',0,7,NULL,NULL,0,0,0),(792,0,0,'','','','','','','','',NULL,'','150px','','','','','','','',0,7,NULL,NULL,0,0,0),(793,0,0,'','','','','','','','',NULL,'','150px','','','','','','','',0,7,NULL,NULL,0,0,0),(794,0,0,'','','','','','','','',NULL,'','150px','','','','','','','',0,7,NULL,NULL,0,0,0),(795,0,0,'','','','','','','','',NULL,'','150px','','','','','','','',0,7,NULL,NULL,0,0,0),(796,0,0,'','','','','','','','',NULL,'','150px','','','','','','','',0,7,NULL,NULL,0,0,0),(797,0,0,'','','','','','','','',NULL,'','150px','','','','','','','',0,7,NULL,NULL,0,0,0),(798,0,0,'','','','','','','','',NULL,'','150px','','','','','','','',0,7,NULL,NULL,0,0,0),(799,0,0,'','','','','','','','',NULL,'','150px','','','','','','','',0,7,NULL,NULL,0,0,0),(800,0,0,'','','','','','','','',NULL,'','150px','','','','','','','',0,7,NULL,NULL,0,0,0),(801,0,0,'','','','','','','','',NULL,'','150px','','','','','','','',0,7,NULL,NULL,0,0,0),(802,0,0,'','','','','','','','',NULL,'','150px','','','','','','','',0,7,NULL,NULL,0,0,0),(803,0,0,'','','','','','','','',NULL,'','150px','','','','','','','',0,7,NULL,NULL,0,0,0),(804,0,0,'','','','','','','','',NULL,'','150px','','','','','','','',0,7,NULL,NULL,0,0,0),(805,0,0,'','','','','','','','',NULL,'','150px','','','','','','','',0,7,NULL,NULL,0,0,0),(806,0,0,'','','','','','','','',NULL,'','150px','','','','','','','',0,7,NULL,NULL,0,0,0),(807,0,0,'','','','','','','','',NULL,'','150px','','','','','','','',0,7,NULL,NULL,0,0,0),(808,0,0,'','','','','','','','',NULL,'','150px','','','','','','','',0,7,NULL,NULL,0,0,0),(809,0,0,'','','','','','','','',NULL,'','150px','','','','','','','',0,7,NULL,NULL,0,0,0),(810,0,0,'','','','','','','','',NULL,'','150px','','','','','','','',0,7,NULL,NULL,0,0,0),(811,0,0,'','','','','','','','',NULL,'','150px','','','','','','','',0,7,NULL,NULL,0,0,0),(812,0,0,'','','','','','','','',NULL,'','150px','','','','','','','',0,7,NULL,NULL,0,0,0),(813,0,0,'','','','','','','','',NULL,'','150px','','','','','','','',0,7,NULL,NULL,0,0,0),(814,0,0,'','','','','','','','',NULL,'','150px','','','','','','','',0,7,NULL,NULL,0,0,0),(815,0,0,'','','','','','','','',NULL,'','150px','','','','','','','',0,7,NULL,NULL,0,0,0),(816,0,0,'','','','','','','','',NULL,'','150px','','','','','','','',0,7,NULL,NULL,0,0,0),(817,0,0,'','','','','','','','',NULL,'','150px','','','','','','','',0,7,NULL,NULL,0,0,0),(818,0,0,'','','','','','','','',NULL,'','150px','','','','','','','',0,7,NULL,NULL,0,0,0),(819,0,0,'','','','','','','','',NULL,'','150px','','','','','','','',0,7,NULL,NULL,0,0,0),(820,0,0,'','','','','','','','',NULL,'','150px','','','','','','','',0,7,NULL,NULL,0,0,0),(821,0,0,'','','','','','','','',NULL,'','150px','','','','','','','',0,7,NULL,NULL,0,0,0),(822,0,0,'','','','','','','','',NULL,'','150px','','','','','','','',0,7,NULL,NULL,0,0,0),(823,0,0,'','','','','','','','',NULL,'','150px','','','','','','','',0,7,NULL,NULL,0,0,0),(824,0,0,'','','','','','','','',NULL,'','150px','','','','','','','',0,7,NULL,NULL,0,0,0),(825,0,0,'','','','','','','','',NULL,'','150px','','','','','','','',0,7,NULL,NULL,0,0,0),(826,0,0,'','','','','','','','',NULL,'','150px','','','','','','','',0,7,NULL,NULL,0,0,0),(827,0,0,'','','','','','','','',NULL,'','150px','','','','','','','',0,7,NULL,NULL,0,0,0),(828,0,0,'','','','','','','','',NULL,'','150px','','','','','','','',0,7,NULL,NULL,0,0,0),(829,0,0,'','','','','','','','',NULL,'','150px','','','','','','','',0,7,NULL,NULL,0,0,0),(830,0,0,'','','','','','','','',NULL,'','150px','','','','','','','',0,7,NULL,NULL,0,0,0),(831,0,0,'','','','','','','','',NULL,'','150px','','','','','','','',0,7,NULL,NULL,0,0,0),(832,0,0,'','','','','','','','',NULL,'','150px','','','','','','','',0,7,NULL,NULL,0,0,0),(833,0,0,'','','','','','','','',NULL,'','150px','','','','','','','',0,7,NULL,NULL,0,0,0),(834,0,0,'','','','','','','','',NULL,'','150px','','','','','','','',0,7,NULL,NULL,0,0,0),(835,0,0,'','','','','','','','',NULL,'','150px','','','','','','','',0,7,NULL,NULL,0,0,0),(836,0,0,'','','','','','','','',NULL,'','150px','','','','','','','',0,7,NULL,NULL,0,0,0),(837,0,0,'','','','','','','','',NULL,'','150px','','','','','','','',0,7,NULL,NULL,0,0,0),(838,0,0,'','','','','','','','',NULL,'','150px','','','','','','','',0,7,NULL,NULL,0,0,0),(839,0,0,'','','','','','','','',NULL,'','150px','','','','','','','',0,7,NULL,NULL,0,0,0),(840,0,0,'','','','','','','','',NULL,'','150px','','','','','','','',0,7,NULL,NULL,0,0,0),(841,0,0,'','','','','','','','',NULL,'','150px','','','','','','','',0,7,NULL,NULL,0,0,0),(842,0,0,'','','','','','','','',NULL,'','150px','','','','','','','',0,7,NULL,NULL,0,0,0),(843,0,0,'','','','','','','','',NULL,'','150px','','','','','','','',0,7,NULL,NULL,0,0,0),(844,0,0,'','','','','','','','',NULL,'','150px','','','','','','','',0,7,NULL,NULL,0,0,0),(845,0,0,'','','','','','','','',NULL,'','150px','','','','','','','',0,7,NULL,NULL,0,0,0),(846,0,0,'','','','','','','','',NULL,'','150px','','','','','','','',0,7,NULL,NULL,0,0,0),(847,0,0,'','','','','','','','',NULL,'','150px','','','','','','','',0,7,NULL,NULL,0,0,0),(848,0,0,'','','','','','','','',NULL,'','150px','','','','','','','',0,7,NULL,NULL,0,0,0),(849,0,0,'','','','','','','','',NULL,'','150px','','','','','','','',0,7,NULL,NULL,0,0,0),(850,0,0,'','','','','','','','',NULL,'','150px','','','','','','','',0,7,NULL,NULL,0,0,0),(851,0,0,'','','','','','','','',NULL,'','150px','','','','','','','',0,7,NULL,NULL,0,0,0),(852,0,0,'','','','','','','','',NULL,'','150px','','','','','','','',0,7,NULL,NULL,0,0,0),(853,0,0,'','','','','','','','',NULL,'','150px','','','','','','','',0,7,NULL,NULL,0,0,0),(854,0,0,'','','','','','','','',NULL,'','150px','','','','','','','',0,7,NULL,NULL,0,0,0),(855,0,0,'','','','','','','','',NULL,'','150px','','','','','','','',0,7,NULL,NULL,0,0,0),(856,0,0,'','','','','','','','',NULL,'','150px','','','','','','','',0,7,NULL,NULL,0,0,0),(857,0,0,'','','','','','','','',NULL,'','150px','','','','','','','',0,7,NULL,NULL,0,0,0),(858,0,0,'','','','','','','','',NULL,'','150px','','','','','','','',0,7,NULL,NULL,0,0,0),(859,0,0,'','','','','','','','',NULL,'','150px','','','','','','','',0,7,NULL,NULL,0,0,0),(860,0,0,'','','','','','','','',NULL,'','150px','','','','','','','',0,7,NULL,NULL,0,0,0),(861,0,0,'','','','','','','','',NULL,'','150px','','','','','','','',0,7,NULL,NULL,0,0,0),(862,0,0,'','','','','','','','',NULL,'','150px','','','','','','','',0,7,NULL,NULL,0,0,0),(863,0,0,'','','','','','','','',NULL,'','150px','','','','','','','',0,7,NULL,NULL,0,0,0),(864,0,0,'','','','','','','','',NULL,'','150px','','','','','','','',0,7,NULL,NULL,0,0,0),(865,0,0,'','','','','','','','',NULL,'','150px','','','','','','','',0,7,NULL,NULL,0,0,0),(866,0,0,'','','','','','','','',NULL,'','150px','','','','','','','',0,7,NULL,NULL,0,0,0),(867,0,0,'','','','','','','','',NULL,'','150px','','','','','','','',0,7,NULL,NULL,0,0,0),(868,0,0,'','','','','','','','',NULL,'','150px','','','','','','','',0,7,NULL,NULL,0,0,0),(869,0,0,'','','','','','','','',NULL,'','150px','','','','','','','',0,7,NULL,NULL,0,0,0),(870,0,0,'','','','','','','','',NULL,'','150px','','','','','','','',0,7,NULL,NULL,0,0,0),(871,0,0,'','','','','','','','',NULL,'','150px','','','','','','','',0,7,NULL,NULL,0,0,0),(872,0,0,'','','','','','','','',NULL,'','150px','','','','','','','',0,7,NULL,NULL,0,0,0),(873,0,0,'','','','','','','','',NULL,'','150px','','','','','','','',0,7,NULL,NULL,0,0,0),(874,0,0,'','','','','','','','',NULL,'','150px','','','','','','','',0,7,NULL,NULL,0,0,0),(875,0,0,'','','','','','','','',NULL,'','150px','','','','','','','',0,7,NULL,NULL,0,0,0),(876,0,0,'','','','','','','','',NULL,'','150px','','','','','','','',0,7,NULL,NULL,0,0,0),(877,0,0,'','','','','','','','',NULL,'','150px','','','','','','','',0,7,NULL,NULL,0,0,0),(878,0,0,'','','','','','','','',NULL,'','150px','','','','','','','',0,7,NULL,NULL,0,0,0),(879,0,0,'','','','','','','','',NULL,'','150px','','','','','','','',0,7,NULL,NULL,0,0,0),(880,0,0,'','','','','','','','',NULL,'','150px','','','','','','','',0,7,NULL,NULL,0,0,0),(881,0,0,'','','','','','','','',NULL,'','150px','','','','','','','',0,7,NULL,NULL,0,0,0),(882,0,0,'','','','','','','','',NULL,'','150px','','','','','','','',0,7,NULL,NULL,0,0,0),(883,0,0,'','','','','','','','',NULL,'','150px','','','','','','','',0,7,NULL,NULL,0,0,0),(884,0,0,'','','','','','','','',NULL,'','150px','','','','','','','',0,7,NULL,NULL,0,0,0),(885,0,0,'','','','','','','','',NULL,'','150px','','','','','','','',0,7,NULL,NULL,0,0,0),(886,0,0,'','','','','','','','',NULL,'','150px','','','','','','','',0,7,NULL,NULL,0,0,0),(887,0,0,'','','','','','','','',NULL,'','150px','','','','','','','',0,7,NULL,NULL,0,0,0),(888,0,0,'','','','','','','','',NULL,'','150px','','','','','','','',0,7,NULL,NULL,0,0,0),(889,0,0,'','','','','','','','',NULL,'','150px','','','','','','','',0,7,NULL,NULL,0,0,0),(890,0,0,'','','','','','','','',NULL,'','150px','','','','','','','',0,7,NULL,NULL,0,0,0),(891,0,0,'','','','','','','','',NULL,'','150px','','','','','','','',0,7,NULL,NULL,0,0,0),(892,0,0,'','','','','','','','',NULL,'','150px','','','','','','','',0,7,NULL,NULL,0,0,0),(893,0,0,'','','','','','','','',NULL,'','150px','','','','','','','',0,7,NULL,NULL,0,0,0),(894,0,0,'','','','','','','','',NULL,'','150px','','','','','','','',0,7,NULL,NULL,0,0,0),(895,0,0,'','','','','','','','',NULL,'','150px','','','','','','','',0,7,NULL,NULL,0,0,0),(896,0,0,'','','','','','','','',NULL,'','150px','','','','','','','',0,7,NULL,NULL,0,0,0),(897,0,0,'','','','','','','','',NULL,'','150px','','','','','','','',0,7,NULL,NULL,0,0,0),(898,0,0,'','','','','','','','',NULL,'','150px','','','','','','','',0,7,NULL,NULL,0,0,0),(899,0,0,'','','','','','','','',NULL,'','150px','','','','','','','',0,7,NULL,NULL,0,0,0),(900,0,0,'','','','','','','','',NULL,'','150px','','','','','','','',0,7,NULL,NULL,0,0,0),(901,0,0,'','','','','','','','',NULL,'','150px','','','','','','','',0,7,NULL,NULL,0,0,0),(902,0,0,'','','','','','','','',NULL,'','150px','','','','','','','',0,7,NULL,NULL,0,0,0),(903,0,0,'','','','','','','','',NULL,'','150px','','','','','','','',0,7,NULL,NULL,0,0,0),(904,0,0,'','','','','','','','',NULL,'','150px','','','','','','','',0,7,NULL,NULL,0,0,0),(905,0,0,'','','','','','','','',NULL,'','150px','','','','','','','',0,7,NULL,NULL,0,0,0),(906,0,0,'','','','','','','','',NULL,'','150px','','','','','','','',0,7,NULL,NULL,0,0,0),(907,0,0,'','','','','','','','',NULL,'','150px','','','','','','','',0,7,NULL,NULL,0,0,0),(908,0,0,'','','','','','','','',NULL,'','150px','','','','','','','',0,7,NULL,NULL,0,0,0),(909,0,0,'','','','','','','','',NULL,'','150px','','','','','','','',0,7,NULL,NULL,0,0,0),(910,0,0,'','','','','','','','',NULL,'','150px','','','','','','','',0,7,NULL,NULL,0,0,0),(911,0,0,'','','','','','','','',NULL,'','150px','','','','','','','',0,7,NULL,NULL,0,0,0),(912,0,0,'','','','','','','','',NULL,'','150px','','','','','','','',0,7,NULL,NULL,0,0,0),(913,0,0,'','','','','','','','',NULL,'','150px','','','','','','','',0,7,NULL,NULL,0,0,0),(914,0,0,'','','','','','','','',NULL,'','150px','','','','','','','',0,7,NULL,NULL,0,0,0),(915,0,0,'','','','','','','','',NULL,'','150px','','','','','','','',0,7,NULL,NULL,0,0,0),(916,0,0,'','','','','','','','',NULL,'','150px','','','','','','','',0,7,NULL,NULL,0,0,0),(917,0,0,'','','','','','','','',NULL,'','150px','','','','','','','',0,7,NULL,NULL,0,0,0),(918,0,0,'','','','','','','','',NULL,'','150px','','','','','','','',0,7,NULL,NULL,0,0,0),(919,0,0,'','','','','','','','',NULL,'','150px','','','','','','','',0,7,NULL,NULL,0,0,0),(920,0,0,'','','','','','','','',NULL,'','150px','','','','','','','',0,7,NULL,NULL,0,0,0),(921,0,0,'','','','','','','','',NULL,'','150px','','','','','','','',0,7,NULL,NULL,0,0,0),(922,0,0,'','','','','','','','',NULL,'','150px','','','','','','','',0,7,NULL,NULL,0,0,0),(923,0,0,'','','','','','','','',NULL,'','150px','','','','','','','',0,7,NULL,NULL,0,0,0),(924,0,0,'','','','','','','','',NULL,'','150px','','','','','','','',0,7,NULL,NULL,0,0,0),(925,0,0,'','','','','','','','',NULL,'','150px','','','','','','','',0,7,NULL,NULL,0,0,0),(926,0,0,'','','','','','','','',NULL,'','150px','','','','','','','',0,7,NULL,NULL,0,0,0),(927,0,0,'','','','','','','','',NULL,'','150px','','','','','','','',0,7,NULL,NULL,0,0,0),(928,0,0,'','','','','','','','',NULL,'','150px','','','','','','','',0,7,NULL,NULL,0,0,0),(929,0,0,'','','','','','','','',NULL,'','150px','','','','','','','',0,7,NULL,NULL,0,0,0),(930,0,0,'','','','','','','','',NULL,'','150px','','','','','','','',0,7,NULL,NULL,0,0,0),(931,0,0,'','','','','','','','',NULL,'','150px','','','','','','','',0,7,NULL,NULL,0,0,0),(932,0,0,'','','','','','','','',NULL,'','150px','','','','','','','',0,7,NULL,NULL,0,0,0),(933,0,0,'','','','','','','','',NULL,'','150px','','','','','','','',0,7,NULL,NULL,0,0,0),(934,0,0,'','','','','','','','',NULL,'','150px','','','','','','','',0,7,NULL,NULL,0,0,0),(935,0,0,'','','','','','','','',NULL,'','150px','','','','','','','',0,7,NULL,NULL,0,0,0),(936,0,0,'','','','','','','','',NULL,'','150px','','','','','','','',0,7,NULL,NULL,0,0,0),(937,0,0,'','','','','','','','',NULL,'','150px','','','','','','','',0,7,NULL,NULL,0,0,0),(938,0,0,'','','','','','','','',NULL,'','150px','','','','','','','',0,7,NULL,NULL,0,0,0),(939,0,0,'','','','','','','','',NULL,'','150px','','','','','','','',0,7,NULL,NULL,0,0,0),(940,0,0,'','','','','','','','',NULL,'','150px','','','','','','','',0,7,NULL,NULL,0,0,0),(941,0,0,'','','','','','','','',NULL,'','150px','','','','','','','',0,7,NULL,NULL,0,0,0),(942,0,0,'','','','','','','','',NULL,'','150px','','','','','','','',0,7,NULL,NULL,0,0,0),(943,0,0,'','','','','','','','',NULL,'','150px','','','','','','','',0,7,NULL,NULL,0,0,0),(944,0,0,'','','','','','','','',NULL,'','150px','','','','','','','',0,7,NULL,NULL,0,0,0),(945,0,0,'','','','','','','','',NULL,'','150px','','','','','','','',0,7,NULL,NULL,0,0,0),(946,0,0,'','','','','','','','',NULL,'','150px','','','','','','','',0,7,NULL,NULL,0,0,0),(947,0,0,'','','','','','','','',NULL,'','150px','','','','','','','',0,7,NULL,NULL,0,0,0),(948,0,0,'','','','','','','','',NULL,'','150px','','','','','','','',0,7,NULL,NULL,0,0,0),(949,0,0,'','','','','','','','',NULL,'','150px','','','','','','','',0,7,NULL,NULL,0,0,0),(950,0,0,'','','','','','','','',NULL,'','150px','','','','','','','',0,7,NULL,NULL,0,0,0),(951,0,0,'','','','','','','','',NULL,'','150px','','','','','','','',0,7,NULL,NULL,0,0,0),(952,0,0,'','','','','','','','',NULL,'','150px','','','','','','','',0,7,NULL,NULL,0,0,0),(953,0,0,'','','','','','','','',NULL,'','150px','','','','','','','',0,7,NULL,NULL,0,0,0),(954,0,0,'','','','','','','','',NULL,'','150px','','','','','','','',0,7,NULL,NULL,0,0,0),(955,0,0,'','','','','','','','',NULL,'','150px','','','','','','','',0,7,NULL,NULL,0,0,0),(956,0,0,'','','','','','','','',NULL,'','150px','','','','','','','',0,7,NULL,NULL,0,0,0),(957,0,0,'','','','','','','','',NULL,'','150px','','','','','','','',0,7,NULL,NULL,0,0,0),(958,0,0,'','','','','','','','',NULL,'','150px','','','','','','','',0,7,NULL,NULL,0,0,0),(959,0,0,'','','','','','','','',NULL,'','150px','','','','','','','',0,7,NULL,NULL,0,0,0),(960,0,0,'','','','','','','','',NULL,'','150px','','','','','','','',0,7,NULL,NULL,0,0,0),(961,0,0,'','','','','','','','',NULL,'','150px','','','','','','','',0,7,NULL,NULL,0,0,0),(962,0,0,'','','','','','','','',NULL,'','150px','','','','','','','',0,7,NULL,NULL,0,0,0),(963,0,0,'','','','','','','','',NULL,'','150px','','','','','','','',0,7,NULL,NULL,0,0,0),(964,0,0,'','','','','','','','',NULL,'','150px','','','','','','','',0,7,NULL,NULL,0,0,0),(965,0,0,'','','','','','','','',NULL,'','150px','','','','','','','',0,7,NULL,NULL,0,0,0),(966,0,0,'','','','','','','','',NULL,'','150px','','','','','','','',0,7,NULL,NULL,0,0,0),(967,0,0,'','','','','','','','',NULL,'','150px','','','','','','','',0,7,NULL,NULL,0,0,0),(968,0,0,'','','','','','','','',NULL,'','150px','','','','','','','',0,7,NULL,NULL,0,0,0),(969,0,0,'','','','','','','','',NULL,'','150px','','','','','','','',0,7,NULL,NULL,0,0,0),(970,0,0,'','','','','','','','',NULL,'','150px','','','','','','','',0,7,NULL,NULL,0,0,0),(971,0,0,'','','','','','','','',NULL,'','150px','','','','','','','',0,7,NULL,NULL,0,0,0),(972,0,0,'','','','','','','','',NULL,'','150px','','','','','','','',0,7,NULL,NULL,0,0,0),(973,0,0,'','','','','','','','',NULL,'','150px','','','','','','','',0,7,NULL,NULL,0,0,0),(974,0,0,'','','','','','','','',NULL,'','150px','','','','','','','',0,7,NULL,NULL,0,0,0),(975,0,0,'','','','','','','','',NULL,'','150px','','','','','','','',0,7,NULL,NULL,0,0,0),(976,0,0,'','','','','','','','',NULL,'','150px','','','','','','','',0,7,NULL,NULL,0,0,0),(977,0,0,'','','','','','','','',NULL,'','150px','','','','','','','',0,7,NULL,NULL,0,0,0),(978,0,0,'','','','','','','','',NULL,'','150px','','','','','','','',0,7,NULL,NULL,0,0,0),(979,0,0,'','','','','','','','',NULL,'','150px','','','','','','','',0,7,NULL,NULL,0,0,0),(980,0,0,'','','','','','','','',NULL,'','150px','','','','','','','',0,7,NULL,NULL,0,0,0),(981,0,0,'','','','','','','','',NULL,'','150px','','','','','','','',0,7,NULL,NULL,0,0,0),(982,0,0,'','','','','','','','',NULL,'','150px','','','','','','','',0,7,NULL,NULL,0,0,0),(983,0,0,'','','','','','','','',NULL,'','150px','','','','','','','',0,7,NULL,NULL,0,0,0),(984,0,0,'','','','','','','','',NULL,'','150px','','','','','','','',0,7,NULL,NULL,0,0,0),(985,0,0,'','','','','','','','',NULL,'','150px','','','','','','','',0,7,NULL,NULL,0,0,0),(986,0,0,'','','','','','','','',NULL,'','150px','','','','','','','',0,7,NULL,NULL,0,0,0),(987,0,0,'','','','','','','','',NULL,'','150px','','','','','','','',0,7,NULL,NULL,0,0,0),(988,0,0,'','','','','','','','',NULL,'','150px','','','','','','','',0,7,NULL,NULL,0,0,0),(989,0,0,'','','','','','','','',NULL,'','150px','','','','','','','',0,7,NULL,NULL,0,0,0),(990,0,0,'','','','','','','','',NULL,'','150px','','','','','','','',0,7,NULL,NULL,0,0,0),(991,0,0,'','','','','','','','',NULL,'','150px','','','','','','','',0,7,NULL,NULL,0,0,0),(992,0,0,'','','','','','','','',NULL,'','150px','','','','','','','',0,7,NULL,NULL,0,0,0),(993,0,0,'','','','','','','','',NULL,'','150px','','','','','','','',0,7,NULL,NULL,0,0,0),(994,0,0,'','','','','','','','',NULL,'','150px','','','','','','','',0,7,NULL,NULL,0,0,0),(995,0,0,'','','','','','','','',NULL,'','150px','','','','','','','',0,7,NULL,NULL,0,0,0),(996,0,0,'','','','','','','','',NULL,'','150px','','','','','','','',0,7,NULL,NULL,0,0,0),(997,0,0,'','','','','','','','',NULL,'','150px','','','','','','','',0,7,NULL,NULL,0,0,0),(998,0,0,'','','','','','','','',NULL,'','150px','','','','','','','',0,7,NULL,NULL,0,0,0),(999,0,0,'','','','','','','','',NULL,'','150px','','','','','','','',0,7,NULL,NULL,0,0,0),(1000,0,0,'','','','','','','','',NULL,'','150px','','','','','','','',0,7,NULL,NULL,0,0,0),(1001,0,0,'','','','','','','','',NULL,'','150px','','','','','','','',0,7,NULL,NULL,0,0,0),(1002,0,0,'','','','','','','','',NULL,'','150px','','','','','','','',0,7,NULL,NULL,0,0,0),(1003,0,0,'','','','','','','','',NULL,'','150px','','','','','','','',0,7,NULL,NULL,0,0,0),(1004,0,0,'','','','','','','','',NULL,'','150px','','','','','','','',0,7,NULL,NULL,0,0,0),(1005,0,0,'','','','','','','','',NULL,'','150px','','','','','','','',0,7,NULL,NULL,0,0,0),(1006,0,0,'','','','','','','','',NULL,'','150px','','','','','','','',0,7,NULL,NULL,0,0,0),(1007,0,0,'','','','','','','','',NULL,'','150px','','','','','','','',0,7,NULL,NULL,0,0,0),(1008,0,0,'','','','','','','','',NULL,'','150px','','','','','','','',0,7,NULL,NULL,0,0,0),(1009,0,0,'','','','','','','','',NULL,'','150px','','','','','','','',0,7,NULL,NULL,0,0,0),(1010,0,0,'','','','','','','','',NULL,'','150px','','','','','','','',0,7,NULL,NULL,0,0,0),(1011,0,0,'','','','','','','','',NULL,'','150px','','','','','','','',0,7,NULL,NULL,0,0,0),(1012,0,0,'','','','','','','','',NULL,'','150px','','','','','','','',0,7,NULL,NULL,0,0,0),(1013,0,0,'','','','','','','','',NULL,'','150px','','','','','','','',0,7,NULL,NULL,0,0,0),(1014,0,0,'','','','','','','','',NULL,'','150px','','','','','','','',0,7,NULL,NULL,0,0,0),(1015,0,0,'','','','','','','','',NULL,'','150px','','','','','','','',0,7,NULL,NULL,0,0,0),(1016,0,0,'','','','','','','','',NULL,'','150px','','','','','','','',0,7,NULL,NULL,0,0,0),(1017,0,0,'','','','','','','','',NULL,'','150px','','','','','','','',0,7,NULL,NULL,0,0,0),(1018,0,0,'','','','','','','','',NULL,'','150px','','','','','','','',0,7,NULL,NULL,0,0,0),(1019,0,0,'','','','','','','','',NULL,'','150px','','','','','','','',0,7,NULL,NULL,0,0,0),(1020,0,0,'','','','','','','','',NULL,'','150px','','','','','','','',0,7,NULL,NULL,0,0,0),(1021,0,0,'','','','','','','','',NULL,'','150px','','','','','','','',0,7,NULL,NULL,0,0,0),(1022,0,0,'','','','','','','','',NULL,'','150px','','','','','','','',0,7,NULL,NULL,0,0,0),(1023,0,0,'','','','','','','','',NULL,'','150px','','','','','','','',0,7,NULL,NULL,0,0,0),(1024,0,0,'','','','','','','','',NULL,'','150px','','','','','','','',0,7,NULL,NULL,0,0,0),(1025,0,0,'','','','','','','','',NULL,'','150px','','','','','','','',0,7,NULL,NULL,0,0,0),(1026,0,0,'','','','','','','','',NULL,'','150px','','','','','','','',0,7,NULL,NULL,0,0,0),(1027,0,0,'','','','','','','','',NULL,'','150px','','','','','','','',0,7,NULL,NULL,0,0,0),(1028,0,0,'','','','','','','','',NULL,'','150px','','','','','','','',0,7,NULL,NULL,0,0,0),(1029,0,0,'','','','','','','','',NULL,'','150px','','','','','','','',0,7,NULL,NULL,0,0,0),(1030,0,0,'','','','','','','','',NULL,'','150px','','','','','','','',0,7,NULL,NULL,0,0,0),(1031,0,0,'','','','','','','','',NULL,'','150px','','','','','','','',0,7,NULL,NULL,0,0,0),(1032,0,0,'','','','','','','','',NULL,'','150px','','','','','','','',0,7,NULL,NULL,0,0,0),(1033,0,0,'','','','','','','','',NULL,'','150px','','','','','','','',0,7,NULL,NULL,0,0,0),(1034,0,0,'','','','','','','','',NULL,'','150px','','','','','','','',0,7,NULL,NULL,0,0,0),(1035,0,0,'','','','','','','','',NULL,'','150px','','','','','','','',0,7,NULL,NULL,0,0,0),(1036,0,0,'','','','','','','','',NULL,'','150px','','','','','','','',0,7,NULL,NULL,0,0,0),(1037,0,0,'','','','','','','','',NULL,'','150px','','','','','','','',0,7,NULL,NULL,0,0,0),(1038,0,0,'','','','','','','','',NULL,'','150px','','','','','','','',0,7,NULL,NULL,0,0,0),(1039,0,0,'','','','','','','','',NULL,'','150px','','','','','','','',0,7,NULL,NULL,0,0,0),(1040,0,0,'','','','','','','','',NULL,'','150px','','','','','','','',0,7,NULL,NULL,0,0,0),(1041,0,0,'','','','','','','','',NULL,'','150px','','','','','','','',0,7,NULL,NULL,0,0,0),(1042,0,0,'','','','','','','','',NULL,'','150px','','','','','','','',0,7,NULL,NULL,0,0,0),(1043,0,0,'','','','','','','','',NULL,'','150px','','','','','','','',0,7,NULL,NULL,0,0,0),(1044,0,0,'','','','','','','','',NULL,'','150px','','','','','','','',0,7,NULL,NULL,0,0,0),(1045,0,0,'','','','','','','','',NULL,'','150px','','','','','','','',0,7,NULL,NULL,0,0,0),(1046,0,0,'','','','','','','','',NULL,'','150px','','','','','','','',0,7,NULL,NULL,0,0,0),(1047,0,0,'','','','','','','','',NULL,'','150px','','','','','','','',0,7,NULL,NULL,0,0,0),(1048,0,0,'','','','','','','','',NULL,'','150px','','','','','','','',0,7,NULL,NULL,0,0,0),(1049,0,0,'','','','','','','','',NULL,'','150px','','','','','','','',0,7,NULL,NULL,0,0,0),(1050,0,0,'','','','','','','','',NULL,'','150px','','','','','','','',0,7,NULL,NULL,0,0,0),(1051,0,0,'','','','','','','','',NULL,'','150px','','','','','','','',0,7,NULL,NULL,0,0,0),(1052,0,0,'','','','','','','','',NULL,'','150px','','','','','','','',0,7,NULL,NULL,0,0,0),(1053,0,0,'','','','','','','','',NULL,'','150px','','','','','','','',0,7,NULL,NULL,0,0,0),(1054,0,0,'','','','','','','','',NULL,'','150px','','','','','','','',0,7,NULL,NULL,0,0,0),(1055,0,0,'','','','','','','','',NULL,'','150px','','','','','','','',0,7,NULL,NULL,0,0,0),(1056,0,0,'','','','','','','','',NULL,'','150px','','','','','','','',0,7,NULL,NULL,0,0,0),(1057,0,0,'','','','','','','','',NULL,'','150px','','','','','','','',0,7,NULL,NULL,0,0,0),(1058,0,0,'','','','','','','','',NULL,'','150px','','','','','','','',0,7,NULL,NULL,0,0,0),(1059,0,0,'','','','','','','','',NULL,'','150px','','','','','','','',0,7,NULL,NULL,0,0,0),(1060,0,0,'','','','','','','','',NULL,'','150px','','','','','','','',0,7,NULL,NULL,0,0,0),(1061,0,0,'','','','','','','','',NULL,'','150px','','','','','','','',0,7,NULL,NULL,0,0,0),(1062,0,0,'','','','','','','','',NULL,'','150px','','','','','','','',0,7,NULL,NULL,0,0,0),(1063,0,0,'','','','','','','','',NULL,'','150px','','','','','','','',0,7,NULL,NULL,0,0,0),(1064,0,0,'','','','','','','','',NULL,'','150px','','','','','','','',0,7,NULL,NULL,0,0,0),(1065,0,0,'','','','','','','','',NULL,'','150px','','','','','','','',0,7,NULL,NULL,0,0,0),(1066,0,0,'','','','','','','','',NULL,'','150px','','','','','','','',0,7,NULL,NULL,0,0,0),(1067,0,0,'','','','','','','','',NULL,'','150px','','','','','','','',0,7,NULL,NULL,0,0,0),(1068,0,0,'','','','','','','','',NULL,'','150px','','','','','','','',0,7,NULL,NULL,0,0,0),(1069,0,0,'','','','','','','','',NULL,'','150px','','','','','','','',0,7,NULL,NULL,0,0,0),(1070,0,0,'','','','','','','','',NULL,'','150px','','','','','','','',0,7,NULL,NULL,0,0,0),(1071,0,0,'','','','','','','','',NULL,'','150px','','','','','','','',0,7,NULL,NULL,0,0,0),(1072,0,0,'','','','','','','','',NULL,'','150px','','','','','','','',0,7,NULL,NULL,0,0,0),(1073,0,0,'','','','','','','','',NULL,'','150px','','','','','','','',0,7,NULL,NULL,0,0,0),(1074,0,0,'','','','','','','','',NULL,'','150px','','','','','','','',0,7,NULL,NULL,0,0,0),(1075,0,0,'','','','','','','','',NULL,'','150px','','','','','','','',0,7,NULL,NULL,0,0,0),(1076,0,0,'','','','','','','','',NULL,'','150px','','','','','','','',0,7,NULL,NULL,0,0,0),(1077,0,0,'','','','','','','','',NULL,'','150px','','','','','','','',0,7,NULL,NULL,0,0,0),(1078,0,0,'','','','','','','','',NULL,'','150px','','','','','','','',0,7,NULL,NULL,0,0,0),(1079,0,0,'','','','','','','','',NULL,'','150px','','','','','','','',0,7,NULL,NULL,0,0,0),(1080,0,0,'','','','','','','','',NULL,'','150px','','','','','','','',0,7,NULL,NULL,0,0,0),(1081,0,0,'','','','','','','','',NULL,'','150px','','','','','','','',0,7,NULL,NULL,0,0,0),(1082,0,0,'','','','','','','','',NULL,'','150px','','','','','','','',0,7,NULL,NULL,0,0,0),(1083,0,0,'','','','','','','','',NULL,'','150px','','','','','','','',0,7,NULL,NULL,0,0,0),(1084,0,0,'','','','','','','','',NULL,'','150px','','','','','','','',0,7,NULL,NULL,0,0,0),(1085,0,0,'','','','','','','','',NULL,'','150px','','','','','','','',0,7,NULL,NULL,0,0,0),(1086,0,0,'','','','','','','','',NULL,'','150px','','','','','','','',0,7,NULL,NULL,0,0,0),(1087,0,0,'','','','','','','','',NULL,'','150px','','','','','','','',0,7,NULL,NULL,0,0,0),(1088,0,0,'','','','','','','','',NULL,'','150px','','','','','','','',0,7,NULL,NULL,0,0,0),(1089,0,0,'','','','','','','','',NULL,'','150px','','','','','','','',0,7,NULL,NULL,0,0,0),(1090,0,0,'','','','','','','','',NULL,'','150px','','','','','','','',0,7,NULL,NULL,0,0,0),(1091,0,0,'','','','','','','','',NULL,'','150px','','','','','','','',0,7,NULL,NULL,0,0,0),(1092,0,0,'','','','','','','','',NULL,'','150px','','','','','','','',0,7,NULL,NULL,0,0,0),(1093,0,0,'','','','','','','','',NULL,'','150px','','','','','','','',0,7,NULL,NULL,0,0,0),(1094,0,0,'','','','','','','','',NULL,'','150px','','','','','','','',0,7,NULL,NULL,0,0,0),(1095,0,0,'','','','','','','','',NULL,'','150px','','','','','','','',0,7,NULL,NULL,0,0,0),(1096,0,0,'','','','','','','','',NULL,'','150px','','','','','','','',0,7,NULL,NULL,0,0,0),(1097,0,0,'','','','','','','','',NULL,'','150px','','','','','','','',0,7,NULL,NULL,0,0,0),(1098,0,0,'','','','','','','','',NULL,'','150px','','','','','','','',0,7,NULL,NULL,0,0,0),(1099,0,0,'','','','','','','','',NULL,'','150px','','','','','','','',0,7,NULL,NULL,0,0,0),(1100,0,0,'','','','','','','','',NULL,'','150px','','','','','','','',0,7,NULL,NULL,0,0,0),(1101,0,0,'','','','','','','','',NULL,'','150px','','','','','','','',0,7,NULL,NULL,0,0,0),(1102,0,0,'','','','','','','','',NULL,'','150px','','','','','','','',0,7,NULL,NULL,0,0,0),(1103,0,0,'','','','','','','','',NULL,'','150px','','','','','','','',0,7,NULL,NULL,0,0,0),(1104,0,0,'','','','','','','','',NULL,'','150px','','','','','','','',0,7,NULL,NULL,0,0,0),(1105,0,0,'','','','','','','','',NULL,'','150px','','','','','','','',0,7,NULL,NULL,0,0,0),(1106,0,0,'','','','','','','','',NULL,'','150px','','','','','','','',0,7,NULL,NULL,0,0,0),(1107,0,0,'','','','','','','','',NULL,'','150px','','','','','','','',0,7,NULL,NULL,0,0,0),(1108,0,0,'','','','','','','','',NULL,'','150px','','','','','','','',0,7,NULL,NULL,0,0,0),(1109,0,0,'','','','','','','','',NULL,'','150px','','','','','','','',0,7,NULL,NULL,0,0,0),(1110,0,0,'','','','','','','','',NULL,'','150px','','','','','','','',0,7,NULL,NULL,0,0,0),(1111,0,0,'','','','','','','','',NULL,'','150px','','','','','','','',0,7,NULL,NULL,0,0,0),(1112,0,0,'','','','','','','','',NULL,'','150px','','','','','','','',0,7,NULL,NULL,0,0,0),(1113,0,0,'','','','','','','','',NULL,'','150px','','','','','','','',0,7,NULL,NULL,0,0,0),(1114,0,0,'','','','','','','','',NULL,'','150px','','','','','','','',0,7,NULL,NULL,0,0,0),(1115,0,0,'','','','','','','','',NULL,'','150px','','','','','','','',0,7,NULL,NULL,0,0,0),(1116,0,0,'','','','','','','','',NULL,'','150px','','','','','','','',0,7,NULL,NULL,0,0,0),(1117,0,0,'','','','','','','','',NULL,'','150px','','','','','','','',0,7,NULL,NULL,0,0,0),(1118,0,0,'','','','','','','','',NULL,'','150px','','','','','','','',0,7,NULL,NULL,0,0,0),(1119,0,0,'','','','','','','','',NULL,'','150px','','','','','','','',0,7,NULL,NULL,0,0,0),(1120,0,0,'','','','','','','','',NULL,'','150px','','','','','','','',0,7,NULL,NULL,0,0,0),(1121,0,0,'','','','','','','','',NULL,'','150px','','','','','','','',0,7,NULL,NULL,0,0,0),(1122,0,0,'','','','','','','','',NULL,'','150px','','','','','','','',0,7,NULL,NULL,0,0,0),(1123,0,0,'','','','','','','','',NULL,'','150px','','','','','','','',0,7,NULL,NULL,0,0,0),(1124,0,0,'','','','','','','','',NULL,'','150px','','','','','','','',0,7,NULL,NULL,0,0,0),(1125,0,0,'','','','','','','','',NULL,'','150px','','','','','','','',0,7,NULL,NULL,0,0,0),(1126,0,0,'','','','','','','','',NULL,'','150px','','','','','','','',0,7,NULL,NULL,0,0,0),(1127,0,0,'','','','','','','','',NULL,'','150px','','','','','','','',0,7,NULL,NULL,0,0,0),(1128,0,0,'','','','','','','','',NULL,'','150px','','','','','','','',0,7,NULL,NULL,0,0,0),(1129,0,0,'','','','','','','','',NULL,'','150px','','','','','','','',0,7,NULL,NULL,0,0,0),(1130,0,0,'','','','','','','','',NULL,'','150px','','','','','','','',0,7,NULL,NULL,0,0,0),(1131,0,0,'','','','','','','','',NULL,'','150px','','','','','','','',0,7,NULL,NULL,0,0,0),(1132,0,0,'','','','','','','','',NULL,'','150px','','','','','','','',0,7,NULL,NULL,0,0,0),(1133,0,0,'','','','','','','','',NULL,'','150px','','','','','','','',0,7,NULL,NULL,0,0,0),(1134,0,0,'','','','','','','','',NULL,'','150px','','','','','','','',0,7,NULL,NULL,0,0,0),(1135,0,0,'','','','','','','','',NULL,'','150px','','','','','','','',0,7,NULL,NULL,0,0,0),(1136,0,0,'','','','','','','','',NULL,'','150px','','','','','','','',0,7,NULL,NULL,0,0,0),(1137,0,0,'','','','','','','','',NULL,'','150px','','','','','','','',0,7,NULL,NULL,0,0,0),(1138,0,0,'','','','','','','','',NULL,'','150px','','','','','','','',0,7,NULL,NULL,0,0,0),(1139,0,0,'','','','','','','','',NULL,'','150px','','','','','','','',0,7,NULL,NULL,0,0,0),(1140,0,0,'','','','','','','','',NULL,'','150px','','','','','','','',0,7,NULL,NULL,0,0,0),(1141,0,0,'','','','','','','','',NULL,'','150px','','','','','','','',0,7,NULL,NULL,0,0,0),(1142,0,0,'','','','','','','','',NULL,'','150px','','','','','','','',0,7,NULL,NULL,0,0,0),(1143,0,0,'','','','','','','','',NULL,'','150px','','','','','','','',0,7,NULL,NULL,0,0,0),(1144,0,0,'','','','','','','','',NULL,'','150px','','','','','','','',0,7,NULL,NULL,0,0,0),(1145,0,0,'','','','','','','','',NULL,'','150px','','','','','','','',0,7,NULL,NULL,0,0,0),(1146,0,0,'','','','','','','','',NULL,'','150px','','','','','','','',0,7,NULL,NULL,0,0,0),(1147,0,0,'','','','','','','','',NULL,'','150px','','','','','','','',0,7,NULL,NULL,0,0,0),(1148,0,0,'','','','','','','','',NULL,'','150px','','','','','','','',0,7,NULL,NULL,0,0,0),(1149,0,0,'','','','','','','','',NULL,'','150px','','','','','','','',0,7,NULL,NULL,0,0,0),(1150,0,0,'','','','','','','','',NULL,'','150px','','','','','','','',0,7,NULL,NULL,0,0,0),(1151,0,0,'','','','','','','','',NULL,'','150px','','','','','','','',0,7,NULL,NULL,0,0,0),(1152,0,0,'','','','','','','','',NULL,'','150px','','','','','','','',0,7,NULL,NULL,0,0,0),(1153,0,0,'','','','','','','','',NULL,'','150px','','','','','','','',0,7,NULL,NULL,0,0,0),(1154,0,0,'','','','','','','','',NULL,'','150px','','','','','','','',0,7,NULL,NULL,0,0,0),(1155,0,0,'','','','','','','','',NULL,'','150px','','','','','','','',0,7,NULL,NULL,0,0,0),(1156,0,0,'','','','','','','','',NULL,'','150px','','','','','','','',0,7,NULL,NULL,0,0,0),(1157,0,0,'','','','','','','','',NULL,'','150px','','','','','','','',0,7,NULL,NULL,0,0,0),(1158,0,0,'','','','','','','','',NULL,'','150px','','','','','','','',0,7,NULL,NULL,0,0,0),(1159,0,0,'','','','','','','','',NULL,'','150px','','','','','','','',0,7,NULL,NULL,0,0,0),(1160,0,0,'','','','','','','','',NULL,'','150px','','','','','','','',0,7,NULL,NULL,0,0,0),(1161,0,0,'','','','','','','','',NULL,'','150px','','','','','','','',0,7,NULL,NULL,0,0,0),(1162,0,0,'','','','','','','','',NULL,'','150px','','','','','','','',0,7,NULL,NULL,0,0,0),(1163,0,0,'','','','','','','','',NULL,'','150px','','','','','','','',0,7,NULL,NULL,0,0,0),(1164,0,0,'','','','','','','','',NULL,'','150px','','','','','','','',0,7,NULL,NULL,0,0,0),(1165,0,0,'','','','','','','','',NULL,'','150px','','','','','','','',0,7,NULL,NULL,0,0,0),(1166,0,0,'','','','','','','','',NULL,'','150px','','','','','','','',0,7,NULL,NULL,0,0,0),(1167,0,0,'','','','','','','','',NULL,'','150px','','','','','','','',0,7,NULL,NULL,0,0,0),(1168,0,0,'','','','','','','','',NULL,'','150px','','','','','','','',0,7,NULL,NULL,0,0,0),(1169,0,0,'','','','','','','','',NULL,'','150px','','','','','','','',0,7,NULL,NULL,0,0,0),(1170,0,0,'','','','','','','','',NULL,'','150px','','','','','','','',0,7,NULL,NULL,0,0,0),(1171,0,0,'','','','','','','','',NULL,'','150px','','','','','','','',0,7,NULL,NULL,0,0,0),(1172,0,0,'','','','','','','','',NULL,'','150px','','','','','','','',0,7,NULL,NULL,0,0,0),(1173,0,0,'','','','','','','','',NULL,'','150px','','','','','','','',0,7,NULL,NULL,0,0,0),(1174,0,0,'','','','','','','','',NULL,'','150px','','','','','','','',0,7,NULL,NULL,0,0,0),(1175,0,0,'','','','','','','','',NULL,'','150px','','','','','','','',0,7,NULL,NULL,0,0,0),(1176,0,0,'','','','','','','','',NULL,'','150px','','','','','','','',0,7,NULL,NULL,0,0,0),(1177,0,0,'','','','','','','','',NULL,'','150px','','','','','','','',0,7,NULL,NULL,0,0,0),(1178,0,0,'','','','','','','','',NULL,'','150px','','','','','','','',0,7,NULL,NULL,0,0,0),(1179,0,0,'','','','','','','','',NULL,'','150px','','','','','','','',0,7,NULL,NULL,0,0,0),(1180,0,0,'','','','','','','','',NULL,'','150px','','','','','','','',0,7,NULL,NULL,0,0,0),(1181,0,0,'','','','','','','','',NULL,'','150px','','','','','','','',0,7,NULL,NULL,0,0,0),(1182,0,0,'','','','','','','','',NULL,'','150px','','','','','','','',0,7,NULL,NULL,0,0,0),(1183,0,0,'','','','','','','','',NULL,'','150px','','','','','','','',0,7,NULL,NULL,0,0,0),(1184,0,0,'','','','','','','','',NULL,'','150px','','','','','','','',0,7,NULL,NULL,0,0,0),(1185,0,0,'','','','','','','','',NULL,'','150px','','','','','','','',0,7,NULL,NULL,0,0,0),(1186,0,0,'','','','','','','','',NULL,'','150px','','','','','','','',0,7,NULL,NULL,0,0,0),(1187,0,0,'','','','','','','','',NULL,'','150px','','','','','','','',0,7,NULL,NULL,0,0,0),(1188,0,0,'','','','','','','','',NULL,'','150px','','','','','','','',0,7,NULL,NULL,0,0,0),(1189,0,0,'','','','','','','','',NULL,'','150px','','','','','','','',0,7,NULL,NULL,0,0,0),(1190,0,0,'','','','','','','','',NULL,'','150px','','','','','','','',0,7,NULL,NULL,0,0,0),(1191,0,0,'','','','','','','','',NULL,'','150px','','','','','','','',0,7,NULL,NULL,0,0,0),(1192,0,0,'','','','','','','','',NULL,'','150px','','','','','','','',0,7,NULL,NULL,0,0,0),(1193,0,0,'','','','','','','','',NULL,'','150px','','','','','','','',0,7,NULL,NULL,0,0,0),(1194,0,0,'','','','','','','','',NULL,'','150px','','','','','','','',0,7,NULL,NULL,0,0,0),(1195,0,0,'','','','','','','','',NULL,'','150px','','','','','','','',0,7,NULL,NULL,0,0,0),(1196,0,0,'','','','','','','','',NULL,'','150px','','','','','','','',0,7,NULL,NULL,0,0,0),(1197,0,0,'','','','','','','','',NULL,'','150px','','','','','','','',0,7,NULL,NULL,0,0,0),(1198,0,0,'','','','','','','','',NULL,'','150px','','','','','','','',0,7,NULL,NULL,0,0,0),(1199,0,0,'','','','','','','','',NULL,'','150px','','','','','','','',0,7,NULL,NULL,0,0,0),(1200,0,0,'','','','','','','','',NULL,'','150px','','','','','','','',0,7,NULL,NULL,0,0,0),(1201,0,0,'','','','','','','','',NULL,'','150px','','','','','','','',0,7,NULL,NULL,0,0,0),(1202,0,0,'','','','','','','','',NULL,'','150px','','','','','','','',0,7,NULL,NULL,0,0,0),(1203,0,0,'','','','','','','','',NULL,'','150px','','','','','','','',0,7,NULL,NULL,0,0,0),(1204,0,0,'','','','','','','','',NULL,'','150px','','','','','','','',0,7,NULL,NULL,0,0,0),(1205,0,0,'','','','','','','','',NULL,'','150px','','','','','','','',0,7,NULL,NULL,0,0,0),(1206,0,0,'','','','','','','','',NULL,'','150px','','','','','','','',0,7,NULL,NULL,0,0,0),(1207,0,0,'','','','','','','','',NULL,'','150px','','','','','','','',0,7,NULL,NULL,0,0,0),(1208,0,0,'','','','','','','','',NULL,'','150px','','','','','','','',0,7,NULL,NULL,0,0,0),(1209,0,0,'','','','','','','','',NULL,'','150px','','','','','','','',0,7,NULL,NULL,0,0,0),(1210,0,0,'','','','','','','','',NULL,'','150px','','','','','','','',0,7,NULL,NULL,0,0,0),(1211,0,0,'','','','','','','','',NULL,'','150px','','','','','','','',0,7,NULL,NULL,0,0,0),(1212,0,0,'','','','','','','','',NULL,'','150px','','','','','','','',0,7,NULL,NULL,0,0,0),(1213,0,0,'','','','','','','','',NULL,'','150px','','','','','','','',0,7,NULL,NULL,0,0,0),(1214,0,0,'','','','','','','','',NULL,'','150px','','','','','','','',0,7,NULL,NULL,0,0,0),(1215,0,0,'','','','','','','','',NULL,'','150px','','','','','','','',0,7,NULL,NULL,0,0,0),(1216,0,0,'','','','','','','','',NULL,'','150px','','','','','','','',0,7,NULL,NULL,0,0,0),(1217,0,0,'','','','','','','','',NULL,'','150px','','','','','','','',0,7,NULL,NULL,0,0,0),(1218,0,0,'','','','','','','','',NULL,'','150px','','','','','','','',0,7,NULL,NULL,0,0,0),(1219,0,0,'','','','','','','','',NULL,'','150px','','','','','','','',0,7,NULL,NULL,0,0,0),(1220,0,0,'','','','','','','','',NULL,'','150px','','','','','','','',0,7,NULL,NULL,0,0,0),(1221,0,0,'','','','','','','','',NULL,'','150px','','','','','','','',0,7,NULL,NULL,0,0,0),(1222,0,0,'','','','','','','','',NULL,'','150px','','','','','','','',0,7,NULL,NULL,0,0,0),(1223,0,0,'','','','','','','','',NULL,'','150px','','','','','','','',0,7,NULL,NULL,0,0,0),(1224,0,0,'','','','','','','','',NULL,'','150px','','','','','','','',0,7,NULL,NULL,0,0,0),(1225,0,0,'','','','','','','','',NULL,'','150px','','','','','','','',0,7,NULL,NULL,0,0,0),(1226,0,0,'','','','','','','','',NULL,'','150px','','','','','','','',0,7,NULL,NULL,0,0,0),(1227,0,0,'','','','','','','','',NULL,'','150px','','','','','','','',0,7,NULL,NULL,0,0,0),(1228,0,0,'','','','','','','','',NULL,'','150px','','','','','','','',0,7,NULL,NULL,0,0,0),(1229,0,0,'','','','','','','','',NULL,'','150px','','','','','','','',0,7,NULL,NULL,0,0,0),(1230,0,0,'','','','','','','','',NULL,'','150px','','','','','','','',0,7,NULL,NULL,0,0,0),(1231,0,0,'','','','','','','','',NULL,'','150px','','','','','','','',0,7,NULL,NULL,0,0,0),(1232,0,0,'','','','','','','','',NULL,'','150px','','','','','','','',0,7,NULL,NULL,0,0,0),(1233,0,0,'','','','','','','','',NULL,'','150px','','','','','','','',0,7,NULL,NULL,0,0,0),(1234,0,0,'','','','','','','','',NULL,'','150px','','','','','','','',0,7,NULL,NULL,0,0,0),(1235,0,0,'','','','','','','','',NULL,'','150px','','','','','','','',0,7,NULL,NULL,0,0,0),(1236,0,0,'','','','','','','','',NULL,'','150px','','','','','','','',0,7,NULL,NULL,0,0,0),(1237,0,0,'','','','','','','','',NULL,'','150px','','','','','','','',0,7,NULL,NULL,0,0,0),(1238,0,0,'','','','','','','','',NULL,'','150px','','','','','','','',0,7,NULL,NULL,0,0,0),(1239,0,0,'','','','','','','','',NULL,'','150px','','','','','','','',0,7,NULL,NULL,0,0,0),(1240,0,0,'','','','','','','','',NULL,'','150px','','','','','','','',0,7,NULL,NULL,0,0,0),(1241,0,0,'','','','','','','','',NULL,'','150px','','','','','','','',0,7,NULL,NULL,0,0,0),(1242,0,0,'','','','','','','','',NULL,'','150px','','','','','','','',0,7,NULL,NULL,0,0,0),(1243,0,0,'','','','','','','','',NULL,'','150px','','','','','','','',0,7,NULL,NULL,0,0,0),(1244,0,0,'','','','','','','','',NULL,'','150px','','','','','','','',0,7,NULL,NULL,0,0,0),(1245,0,0,'','','','','','','','',NULL,'','150px','','','','','','','',0,7,NULL,NULL,0,0,0),(1246,0,0,'','','','','','','','',NULL,'','150px','','','','','','','',0,7,NULL,NULL,0,0,0),(1247,0,0,'','','','','','','','',NULL,'','150px','','','','','','','',0,7,NULL,NULL,0,0,0),(1248,0,0,'','','','','','','','',NULL,'','150px','','','','','','','',0,7,NULL,NULL,0,0,0),(1249,0,0,'','','','','','','','',NULL,'','150px','','','','','','','',0,7,NULL,NULL,0,0,0),(1250,0,0,'','','','','','','','',NULL,'','150px','','','','','','','',0,7,NULL,NULL,0,0,0),(1251,0,0,'','','','','','','','',NULL,'','150px','','','','','','','',0,7,NULL,NULL,0,0,0),(1252,0,0,'','','','','','','','',NULL,'','150px','','','','','','','',0,7,NULL,NULL,0,0,0),(1253,0,0,'','','','','','','','',NULL,'','150px','','','','','','','',0,7,NULL,NULL,0,0,0),(1254,0,0,'','','','','','','','',NULL,'','150px','','','','','','','',0,7,NULL,NULL,0,0,0),(1255,0,0,'','','','','','','','',NULL,'','150px','','','','','','','',0,7,NULL,NULL,0,0,0),(1256,0,0,'','','','','','','','',NULL,'','150px','','','','','','','',0,7,NULL,NULL,0,0,0),(1257,0,0,'','','','','','','','',NULL,'','150px','','','','','','','',0,7,NULL,NULL,0,0,0),(1258,0,0,'','','','','','','','',NULL,'','150px','','','','','','','',0,7,NULL,NULL,0,0,0),(1259,0,0,'','','','','','','','',NULL,'','150px','','','','','','','',0,7,NULL,NULL,0,0,0),(1260,0,0,'','','','','','','','',NULL,'','150px','','','','','','','',0,7,NULL,NULL,0,0,0),(1261,0,0,'','','','','','','','',NULL,'','150px','','','','','','','',0,7,NULL,NULL,0,0,0),(1262,0,0,'','','','','','','','',NULL,'','150px','','','','','','','',0,7,NULL,NULL,0,0,0),(1263,0,0,'','','','','','','','',NULL,'','150px','','','','','','','',0,7,NULL,NULL,0,0,0),(1264,0,0,'','','','','','','','',NULL,'','150px','','','','','','','',0,7,NULL,NULL,0,0,0),(1265,0,0,'','','','','','','','',NULL,'','150px','','','','','','','',0,7,NULL,NULL,0,0,0),(1266,0,0,'','','','','','','','',NULL,'','150px','','','','','','','',0,7,NULL,NULL,0,0,0),(1267,0,0,'','','','','','','','',NULL,'','150px','','','','','','','',0,7,NULL,NULL,0,0,0),(1268,0,0,'','','','','','','','',NULL,'','150px','','','','','','','',0,7,NULL,NULL,0,0,0),(1269,0,0,'','','','','','','','',NULL,'','150px','','','','','','','',0,7,NULL,NULL,0,0,0),(1270,0,0,'','','','','','','','',NULL,'','150px','','','','','','','',0,7,NULL,NULL,0,0,0),(1271,0,0,'','','','','','','','',NULL,'','150px','','','','','','','',0,7,NULL,NULL,0,0,0),(1272,0,0,'','','','','','','','',NULL,'','150px','','','','','','','',0,7,NULL,NULL,0,0,0),(1273,0,0,'','','','','','','','',NULL,'','150px','','','','','','','',0,7,NULL,NULL,0,0,0),(1274,0,0,'','','','','','','','',NULL,'','150px','','','','','','','',0,7,NULL,NULL,0,0,0),(1275,0,0,'','','','','','','','',NULL,'','150px','','','','','','','',0,7,NULL,NULL,0,0,0),(1276,0,0,'','','','','','','','',NULL,'','150px','','','','','','','',0,7,NULL,NULL,0,0,0),(1277,0,0,'','','','','','','','',NULL,'','150px','','','','','','','',0,7,NULL,NULL,0,0,0),(1278,0,0,'','','','','','','','',NULL,'','150px','','','','','','','',0,7,NULL,NULL,0,0,0),(1279,0,0,'','','','','','','','',NULL,'','150px','','','','','','','',0,7,NULL,NULL,0,0,0),(1280,0,0,'','','','','','','','',NULL,'','150px','','','','','','','',0,7,NULL,NULL,0,0,0),(1281,0,0,'','','','','','','','',NULL,'','150px','','','','','','','',0,7,NULL,NULL,0,0,0),(1282,0,0,'','','','','','','','',NULL,'','150px','','','','','','','',0,7,NULL,NULL,0,0,0),(1283,0,0,'','','','','','','','',NULL,'','150px','','','','','','','',0,7,NULL,NULL,0,0,0),(1284,0,0,'','','','','','','','',NULL,'','150px','','','','','','','',0,7,NULL,NULL,0,0,0),(1285,0,0,'','','','','','','','',NULL,'','150px','','','','','','','',0,7,NULL,NULL,0,0,0),(1286,0,0,'','','','','','','','',NULL,'','150px','','','','','','','',0,7,NULL,NULL,0,0,0),(1287,0,0,'','','','','','','','',NULL,'','150px','','','','','','','',0,7,NULL,NULL,0,0,0),(1288,0,0,'','','','','','','','',NULL,'','150px','','','','','','','',0,7,NULL,NULL,0,0,0),(1289,0,0,'','','','','','','','',NULL,'','150px','','','','','','','',0,7,NULL,NULL,0,0,0),(1290,0,0,'','','','','','','','',NULL,'','150px','','','','','','','',0,7,NULL,NULL,0,0,0),(1291,0,0,'','','','','','','','',NULL,'','150px','','','','','','','',0,7,NULL,NULL,0,0,0),(1292,0,0,'','','','','','','','',NULL,'','150px','','','','','','','',0,7,NULL,NULL,0,0,0),(1293,0,0,'','','','','','','','',NULL,'','150px','','','','','','','',0,7,NULL,NULL,0,0,0),(1294,0,0,'','','','','','','','',NULL,'','150px','','','','','','','',0,7,NULL,NULL,0,0,0),(1295,0,0,'','','','','','','','',NULL,'','150px','','','','','','','',0,7,NULL,NULL,0,0,0),(1296,0,0,'','','','','','','','',NULL,'','150px','','','','','','','',0,7,NULL,NULL,0,0,0),(1297,0,0,'','','','','','','','',NULL,'','150px','','','','','','','',0,7,NULL,NULL,0,0,0),(1298,0,0,'','','','','','','','',NULL,'','150px','','','','','','','',0,7,NULL,NULL,0,0,0),(1299,0,0,'','','','','','','','',NULL,'','150px','','','','','','','',0,7,NULL,NULL,0,0,0),(1300,0,0,'','','','','','','','',NULL,'','150px','','','','','','','',0,7,NULL,NULL,0,0,0),(1301,0,0,'','','','','','','','',NULL,'','150px','','','','','','','',0,7,NULL,NULL,0,0,0),(1302,0,0,'','','','','','','','',NULL,'','150px','','','','','','','',0,7,NULL,NULL,0,0,0),(1303,0,0,'','','','','','','','',NULL,'','150px','','','','','','','',0,7,NULL,NULL,0,0,0),(1304,0,0,'','','','','','','','',NULL,'','150px','','','','','','','',0,7,NULL,NULL,0,0,0),(1305,0,0,'','','','','','','','',NULL,'','150px','','','','','','','',0,7,NULL,NULL,0,0,0),(1306,0,0,'','','','','','','','',NULL,'','150px','','','','','','','',0,7,NULL,NULL,0,0,0),(1307,0,0,'','','','','','','','',NULL,'','150px','','','','','','','',0,7,NULL,NULL,0,0,0),(1308,0,0,'','','','','','','','',NULL,'','150px','','','','','','','',0,7,NULL,NULL,0,0,0),(1309,0,0,'','','','','','','','',NULL,'','150px','','','','','','','',0,7,NULL,NULL,0,0,0),(1310,0,0,'','','','','','','','',NULL,'','150px','','','','','','','',0,7,NULL,NULL,0,0,0),(1311,0,0,'','','','','','','','',NULL,'','150px','','','','','','','',0,7,NULL,NULL,0,0,0),(1312,0,0,'','','','','','','','',NULL,'','150px','','','','','','','',0,7,NULL,NULL,0,0,0),(1313,0,0,'','','','','','','','',NULL,'','150px','','','','','','','',0,7,NULL,NULL,0,0,0),(1314,0,0,'','','','','','','','',NULL,'','150px','','','','','','','',0,7,NULL,NULL,0,0,0),(1315,0,0,'','','','','','','','',NULL,'','150px','','','','','','','',0,7,NULL,NULL,0,0,0),(1316,0,0,'','','','','','','','',NULL,'','150px','','','','','','','',0,7,NULL,NULL,0,0,0),(1317,0,0,'','','','','','','','',NULL,'','150px','','','','','','','',0,7,NULL,NULL,0,0,0),(1318,0,0,'','','','','','','','',NULL,'','150px','','','','','','','',0,7,NULL,NULL,0,0,0),(1319,0,0,'','','','','','','','',NULL,'','150px','','','','','','','',0,7,NULL,NULL,0,0,0),(1320,0,0,'','','','','','','','',NULL,'','150px','','','','','','','',0,7,NULL,NULL,0,0,0),(1321,0,0,'','','','','','','','',NULL,'','150px','','','','','','','',0,7,NULL,NULL,0,0,0),(1322,0,0,'','','','','','','','',NULL,'','150px','','','','','','','',0,7,NULL,NULL,0,0,0),(1323,0,0,'','','','','','','','',NULL,'','150px','','','','','','','',0,7,NULL,NULL,0,0,0),(1324,0,0,'','','','','','','','',NULL,'','150px','','','','','','','',0,7,NULL,NULL,0,0,0),(1325,0,0,'','','','','','','','',NULL,'','150px','','','','','','','',0,7,NULL,NULL,0,0,0),(1326,0,0,'','','','','','','','',NULL,'','150px','','','','','','','',0,7,NULL,NULL,0,0,0),(1327,0,0,'','','','','','','','',NULL,'','150px','','','','','','','',0,7,NULL,NULL,0,0,0),(1328,0,0,'','','','','','','','',NULL,'','150px','','','','','','','',0,7,NULL,NULL,0,0,0),(1329,0,0,'','','','','','','','',NULL,'','150px','','','','','','','',0,7,NULL,NULL,0,0,0),(1330,0,0,'','','','','','','','',NULL,'','150px','','','','','','','',0,7,NULL,NULL,0,0,0),(1331,0,0,'','','','','','','','',NULL,'','150px','','','','','','','',0,7,NULL,NULL,0,0,0),(1332,0,0,'','','','','','','','',NULL,'','150px','','','','','','','',0,7,NULL,NULL,0,0,0),(1333,0,0,'','','','','','','','',NULL,'','150px','','','','','','','',0,7,NULL,NULL,0,0,0),(1334,0,0,'','','','','','','','',NULL,'','150px','','','','','','','',0,7,NULL,NULL,0,0,0),(1335,0,0,'','','','','','','','',NULL,'','150px','','','','','','','',0,7,NULL,NULL,0,0,0),(1336,0,0,'','','','','','','','',NULL,'','150px','','','','','','','',0,7,NULL,NULL,0,0,0),(1337,0,0,'','','','','','','','',NULL,'','150px','','','','','','','',0,7,NULL,NULL,0,0,0),(1338,0,0,'','','','','','','','',NULL,'','150px','','','','','','','',0,7,NULL,NULL,0,0,0),(1339,0,0,'','','','','','','','',NULL,'','150px','','','','','','','',0,7,NULL,NULL,0,0,0),(1340,0,0,'','','','','','','','',NULL,'','150px','','','','','','','',0,7,NULL,NULL,0,0,0),(1341,0,0,'','','','','','','','',NULL,'','150px','','','','','','','',0,7,NULL,NULL,0,0,0),(1342,0,0,'','','','','','','','',NULL,'','150px','','','','','','','',0,7,NULL,NULL,0,0,0),(1343,0,0,'','','','','','','','',NULL,'','150px','','','','','','','',0,7,NULL,NULL,0,0,0),(1344,0,0,'','','','','','','','',NULL,'','150px','','','','','','','',0,7,NULL,NULL,0,0,0),(1345,0,0,'','','','','','','','',NULL,'','150px','','','','','','','',0,7,NULL,NULL,0,0,0),(1346,0,0,'','','','','','','','',NULL,'','150px','','','','','','','',0,7,NULL,NULL,0,0,0),(1347,0,0,'','','','','','','','',NULL,'','150px','','','','','','','',0,7,NULL,NULL,0,0,0),(1348,0,0,'','','','','','','','',NULL,'','150px','','','','','','','',0,7,NULL,NULL,0,0,0),(1349,0,0,'','','','','','','','',NULL,'','150px','','','','','','','',0,7,NULL,NULL,0,0,0),(1350,0,0,'','','','','','','','',NULL,'','150px','','','','','','','',0,7,NULL,NULL,0,0,0),(1351,0,0,'','','','','','','','',NULL,'','150px','','','','','','','',0,7,NULL,NULL,0,0,0),(1352,0,0,'','','','','','','','',NULL,'','150px','','','','','','','',0,7,NULL,NULL,0,0,0),(1353,0,0,'','','','','','','','',NULL,'','150px','','','','','','','',0,7,NULL,NULL,0,0,0),(1354,0,0,'','','','','','','','',NULL,'','150px','','','','','','','',0,7,NULL,NULL,0,0,0),(1355,0,0,'','','','','','','','',NULL,'','150px','','','','','','','',0,7,NULL,NULL,0,0,0),(1356,0,0,'','','','','','','','',NULL,'','150px','','','','','','','',0,7,NULL,NULL,0,0,0),(1357,0,0,'','','','','','','','',NULL,'','150px','','','','','','','',0,7,NULL,NULL,0,0,0),(1358,0,0,'','','','','','','','',NULL,'','150px','','','','','','','',0,7,NULL,NULL,0,0,0),(1359,0,0,'','','','','','','','',NULL,'','150px','','','','','','','',0,7,NULL,NULL,0,0,0),(1360,0,0,'','','','','','','','',NULL,'','150px','','','','','','','',0,7,NULL,NULL,0,0,0),(1361,0,0,'','','','','','','','',NULL,'','150px','','','','','','','',0,7,NULL,NULL,0,0,0),(1362,0,0,'','','','','','','','',NULL,'','150px','','','','','','','',0,7,NULL,NULL,0,0,0),(1363,0,0,'','','','','','','','',NULL,'','150px','','','','','','','',0,7,NULL,NULL,0,0,0),(1364,0,0,'','','','','','','','',NULL,'','150px','','','','','','','',0,7,NULL,NULL,0,0,0),(1365,0,0,'','','','','','','','',NULL,'','150px','','','','','','','',0,7,NULL,NULL,0,0,0),(1366,0,0,'','','','','','','','',NULL,'','150px','','','','','','','',0,7,NULL,NULL,0,0,0),(1367,0,0,'','','','','','','','',NULL,'','150px','','','','','','','',0,7,NULL,NULL,0,0,0),(1368,0,0,'','','','','','','','',NULL,'','150px','','','','','','','',0,7,NULL,NULL,0,0,0),(1369,0,0,'','','','','','','','',NULL,'','150px','','','','','','','',0,7,NULL,NULL,0,0,0),(1370,0,0,'','','','','','','','',NULL,'','150px','','','','','','','',0,7,NULL,NULL,0,0,0),(1371,0,0,'','','','','','','','',NULL,'','150px','','','','','','','',0,7,NULL,NULL,0,0,0),(1372,0,0,'','','','','','','','',NULL,'','150px','','','','','','','',0,7,NULL,NULL,0,0,0),(1373,0,0,'','','','','','','','',NULL,'','150px','','','','','','','',0,7,NULL,NULL,0,0,0),(1374,0,0,'','','','','','','','',NULL,'','150px','','','','','','','',0,7,NULL,NULL,0,0,0),(1375,0,0,'','','','','','','','',NULL,'','150px','','','','','','','',0,7,NULL,NULL,0,0,0),(1376,0,0,'','','','','','','','',NULL,'','150px','','','','','','','',0,7,NULL,NULL,0,0,0),(1377,0,0,'','','','','','','','',NULL,'','150px','','','','','','','',0,7,NULL,NULL,0,0,0),(1378,0,0,'','','','','','','','',NULL,'','150px','','','','','','','',0,7,NULL,NULL,0,0,0),(1379,0,0,'','','','','','','','',NULL,'','150px','','','','','','','',0,7,NULL,NULL,0,0,0),(1380,0,0,'','','','','','','','',NULL,'','150px','','','','','','','',0,7,NULL,NULL,0,0,0),(1381,0,0,'','','','','','','','',NULL,'','150px','','','','','','','',0,7,NULL,NULL,0,0,0),(1382,0,0,'','','','','','','','',NULL,'','150px','','','','','','','',0,7,NULL,NULL,0,0,0),(1383,0,0,'','','','','','','','',NULL,'','150px','','','','','','','',0,7,NULL,NULL,0,0,0),(1384,0,0,'','','','','','','','',NULL,'','150px','','','','','','','',0,7,NULL,NULL,0,0,0),(1385,0,0,'','','','','','','','',NULL,'','150px','','','','','','','',0,7,NULL,NULL,0,0,0),(1386,0,0,'','','','','','','','',NULL,'','150px','','','','','','','',0,7,NULL,NULL,0,0,0),(1387,0,0,'','','','','','','','',NULL,'','150px','','','','','','','',0,7,NULL,NULL,0,0,0),(1388,0,0,'','','','','','','','',NULL,'','150px','','','','','','','',0,7,NULL,NULL,0,0,0),(1389,0,0,'','','','','','','','',NULL,'','150px','','','','','','','',0,7,NULL,NULL,0,0,0),(1390,0,0,'','','','','','','','',NULL,'','150px','','','','','','','',0,7,NULL,NULL,0,0,0),(1391,0,0,'','','','','','','','',NULL,'','150px','','','','','','','',0,7,NULL,NULL,0,0,0),(1392,0,0,'','','','','','','','',NULL,'','150px','','','','','','','',0,7,NULL,NULL,0,0,0),(1393,0,0,'','','','','','','','',NULL,'','150px','','','','','','','',0,7,NULL,NULL,0,0,0),(1394,0,0,'','','','','','','','',NULL,'','150px','','','','','','','',0,7,NULL,NULL,0,0,0),(1395,0,0,'','','','','','','','',NULL,'','150px','','','','','','','',0,7,NULL,NULL,0,0,0),(1396,0,0,'','','','','','','','',NULL,'','150px','','','','','','','',0,7,NULL,NULL,0,0,0),(1397,0,0,'','','','','','','','',NULL,'','150px','','','','','','','',0,7,NULL,NULL,0,0,0),(1398,0,0,'','','','','','','','',NULL,'','150px','','','','','','','',0,7,NULL,NULL,0,0,0),(1399,0,0,'','','','','','','','',NULL,'','150px','','','','','','','',0,7,NULL,NULL,0,0,0),(1400,0,0,'','','','','','','','',NULL,'','150px','','','','','','','',0,7,NULL,NULL,0,0,0),(1401,0,0,'','','','','','','','',NULL,'','150px','','','','','','','',0,7,NULL,NULL,0,0,0),(1402,0,0,'','','','','','','','',NULL,'','150px','','','','','','','',0,7,NULL,NULL,0,0,0),(1403,0,0,'','','','','','','','',NULL,'','150px','','','','','','','',0,7,NULL,NULL,0,0,0),(1404,0,0,'','','','','','','','',NULL,'','150px','','','','','','','',0,7,NULL,NULL,0,0,0),(1405,0,0,'','','','','','','','',NULL,'','150px','','','','','','','',0,7,NULL,NULL,0,0,0),(1406,0,0,'','','','','','','','',NULL,'','150px','','','','','','','',0,7,NULL,NULL,0,0,0),(1407,0,0,'','','','','','','','',NULL,'','150px','','','','','','','',0,7,NULL,NULL,0,0,0),(1408,0,0,'','','','','','','','',NULL,'','150px','','','','','','','',0,7,NULL,NULL,0,0,0),(1409,0,0,'','','','','','','','',NULL,'','150px','','','','','','','',0,7,NULL,NULL,0,0,0),(1410,0,0,'','','','','','','','',NULL,'','150px','','','','','','','',0,7,NULL,NULL,0,0,0),(1411,0,0,'','','','','','','','',NULL,'','150px','','','','','','','',0,7,NULL,NULL,0,0,0),(1412,0,0,'','','','','','','','',NULL,'','150px','','','','','','','',0,7,NULL,NULL,0,0,0),(1413,0,0,'','','','','','','','',NULL,'','150px','','','','','','','',0,7,NULL,NULL,0,0,0),(1414,0,0,'','','','','','','','',NULL,'','150px','','','','','','','',0,7,NULL,NULL,0,0,0),(1415,0,0,'','','','','','','','',NULL,'','150px','','','','','','','',0,7,NULL,NULL,0,0,0),(1416,0,0,'','','','','','','','',NULL,'','150px','','','','','','','',0,7,NULL,NULL,0,0,0),(1417,0,0,'','','','','','','','',NULL,'','150px','','','','','','','',0,7,NULL,NULL,0,0,0),(1418,0,0,'','','','','','','','',NULL,'','150px','','','','','','','',0,7,NULL,NULL,0,0,0),(1419,0,0,'','','','','','','','',NULL,'','150px','','','','','','','',0,7,NULL,NULL,0,0,0),(1420,0,0,'','','','','','','','',NULL,'','150px','','','','','','','',0,7,NULL,NULL,0,0,0),(1421,0,0,'','','','','','','','',NULL,'','150px','','','','','','','',0,7,NULL,NULL,0,0,0),(1422,0,0,'','','','','','','','',NULL,'','150px','','','','','','','',0,7,NULL,NULL,0,0,0),(1423,0,0,'','','','','','','','',NULL,'','150px','','','','','','','',0,7,NULL,NULL,0,0,0),(1424,0,0,'','','','','','','','',NULL,'','150px','','','','','','','',0,7,NULL,NULL,0,0,0),(1425,0,0,'','','','','','','','',NULL,'','150px','','','','','','','',0,7,NULL,NULL,0,0,0),(1426,0,0,'','','','','','','','',NULL,'','150px','','','','','','','',0,7,NULL,NULL,0,0,0),(1427,0,0,'','','','','','','','',NULL,'','150px','','','','','','','',0,7,NULL,NULL,0,0,0),(1428,0,0,'','','','','','','','',NULL,'','150px','','','','','','','',0,7,NULL,NULL,0,0,0),(1429,0,0,'','','','','','','','',NULL,'','150px','','','','','','','',0,7,NULL,NULL,0,0,0),(1430,0,0,'','','','','','','','',NULL,'','150px','','','','','','','',0,7,NULL,NULL,0,0,0),(1431,0,0,'','','','','','','','',NULL,'','150px','','','','','','','',0,7,NULL,NULL,0,0,0),(1432,0,0,'','','','','','','','',NULL,'','150px','','','','','','','',0,7,NULL,NULL,0,0,0),(1433,0,0,'','','','','','','','',NULL,'','150px','','','','','','','',0,7,NULL,NULL,0,0,0),(1434,0,0,'','','','','','','','',NULL,'','150px','','','','','','','',0,7,NULL,NULL,0,0,0),(1435,0,0,'','','','','','','','',NULL,'','150px','','','','','','','',0,7,NULL,NULL,0,0,0),(1436,0,0,'','','','','','','','',NULL,'','150px','','','','','','','',0,7,NULL,NULL,0,0,0),(1437,0,0,'','','','','','','','',NULL,'','150px','','','','','','','',0,7,NULL,NULL,0,0,0),(1438,0,0,'','','','','','','','',NULL,'','150px','','','','','','','',0,7,NULL,NULL,0,0,0),(1439,0,0,'','','','','','','','',NULL,'','150px','','','','','','','',0,7,NULL,NULL,0,0,0),(1440,0,0,'','','','','','','','',NULL,'','150px','','','','','','','',0,7,NULL,NULL,0,0,0),(1441,0,0,'','','','','','','','',NULL,'','150px','','','','','','','',0,7,NULL,NULL,0,0,0),(1442,0,0,'','','','','','','','',NULL,'','150px','','','','','','','',0,7,NULL,NULL,0,0,0),(1443,0,0,'','','','','','','','',NULL,'','150px','','','','','','','',0,7,NULL,NULL,0,0,0),(1444,0,0,'','','','','','','','',NULL,'','150px','','','','','','','',0,7,NULL,NULL,0,0,0),(1445,0,0,'','','','','','','','',NULL,'','150px','','','','','','','',0,7,NULL,NULL,0,0,0),(1446,0,0,'','','','','','','','',NULL,'','150px','','','','','','','',0,7,NULL,NULL,0,0,0),(1447,0,0,'','','','','','','','',NULL,'','150px','','','','','','','',0,7,NULL,NULL,0,0,0),(1448,0,0,'','','','','','','','',NULL,'','150px','','','','','','','',0,7,NULL,NULL,0,0,0),(1449,0,0,'','','','','','','','',NULL,'','150px','','','','','','','',0,7,NULL,NULL,0,0,0),(1450,0,0,'','','','','','','','',NULL,'','150px','','','','','','','',0,7,NULL,NULL,0,0,0),(1451,0,0,'','','','','','','','',NULL,'','150px','','','','','','','',0,7,NULL,NULL,0,0,0),(1452,0,0,'','','','','','','','',NULL,'','150px','','','','','','','',0,7,NULL,NULL,0,0,0),(1453,0,0,'','','','','','','','',NULL,'','150px','','','','','','','',0,7,NULL,NULL,0,0,0),(1454,0,0,'','','','','','','','',NULL,'','150px','','','','','','','',0,7,NULL,NULL,0,0,0),(1455,0,0,'','','','','','','','',NULL,'','150px','','','','','','','',0,7,NULL,NULL,0,0,0),(1456,0,0,'','','','','','','','',NULL,'','150px','','','','','','','',0,7,NULL,NULL,0,0,0),(1457,0,0,'','','','','','','','',NULL,'','150px','','','','','','','',0,7,NULL,NULL,0,0,0),(1458,0,0,'','','','','','','','',NULL,'','150px','','','','','','','',0,7,NULL,NULL,0,0,0),(1459,0,0,'','','','','','','','',NULL,'','150px','','','','','','','',0,7,NULL,NULL,0,0,0),(1460,0,0,'','','','','','','','',NULL,'','150px','','','','','','','',0,7,NULL,NULL,0,0,0),(1461,0,0,'','','','','','','','',NULL,'','150px','','','','','','','',0,7,NULL,NULL,0,0,0),(1462,0,0,'','','','','','','','',NULL,'','150px','','','','','','','',0,7,NULL,NULL,0,0,0),(1463,0,0,'','','','','','','','',NULL,'','150px','','','','','','','',0,7,NULL,NULL,0,0,0),(1464,0,0,'','','','','','','','',NULL,'','150px','','','','','','','',0,7,NULL,NULL,0,0,0),(1465,0,0,'','','','','','','','',NULL,'','150px','','','','','','','',0,7,NULL,NULL,0,0,0),(1466,0,0,'','','','','','','','',NULL,'','150px','','','','','','','',0,7,NULL,NULL,0,0,0),(1467,0,0,'','','','','','','','',NULL,'','150px','','','','','','','',0,7,NULL,NULL,0,0,0),(1468,0,0,'','','','','','','','',NULL,'','150px','','','','','','','',0,7,NULL,NULL,0,0,0),(1469,0,0,'','','','','','','','',NULL,'','150px','','','','','','','',0,7,NULL,NULL,0,0,0),(1470,0,0,'','','','','','','','',NULL,'','150px','','','','','','','',0,7,NULL,NULL,0,0,0),(1471,0,0,'','','','','','','','',NULL,'','150px','','','','','','','',0,7,NULL,NULL,0,0,0),(1472,0,0,'','','','','','','','',NULL,'','150px','','','','','','','',0,7,NULL,NULL,0,0,0),(1473,0,0,'','','','','','','','',NULL,'','150px','','','','','','','',0,7,NULL,NULL,0,0,0),(1474,0,0,'','','','','','','','',NULL,'','150px','','','','','','','',0,7,NULL,NULL,0,0,0),(1475,0,0,'','','','','','','','',NULL,'','150px','','','','','','','',0,7,NULL,NULL,0,0,0),(1476,0,0,'','','','','','','','',NULL,'','150px','','','','','','','',0,7,NULL,NULL,0,0,0),(1477,0,0,'','','','','','','','',NULL,'','150px','','','','','','','',0,7,NULL,NULL,0,0,0),(1478,0,0,'','','','','','','','',NULL,'','150px','','','','','','','',0,7,NULL,NULL,0,0,0),(1479,0,0,'','','','','','','','',NULL,'','150px','','','','','','','',0,7,NULL,NULL,0,0,0),(1480,0,0,'','','','','','','','',NULL,'','150px','','','','','','','',0,7,NULL,NULL,0,0,0),(1481,0,0,'','','','','','','','',NULL,'','150px','','','','','','','',0,7,NULL,NULL,0,0,0),(1482,0,0,'','','','','','','','',NULL,'','150px','','','','','','','',0,7,NULL,NULL,0,0,0),(1483,0,0,'','','','','','','','',NULL,'','150px','','','','','','','',0,7,NULL,NULL,0,0,0),(1484,0,0,'','','','','','','','',NULL,'','150px','','','','','','','',0,7,NULL,NULL,0,0,0),(1485,0,0,'','','','','','','','',NULL,'','150px','','','','','','','',0,7,NULL,NULL,0,0,0),(1486,0,0,'','','','','','','','',NULL,'','150px','','','','','','','',0,7,NULL,NULL,0,0,0),(1487,0,0,'','','','','','','','',NULL,'','150px','','','','','','','',0,7,NULL,NULL,0,0,0),(1488,0,0,'','','','','','','','',NULL,'','150px','','','','','','','',0,7,NULL,NULL,0,0,0),(1489,0,0,'','','','','','','','',NULL,'','150px','','','','','','','',0,7,NULL,NULL,0,0,0),(1490,0,0,'','','','','','','','',NULL,'','150px','','','','','','','',0,7,NULL,NULL,0,0,0),(1491,0,0,'','','','','','','','',NULL,'','150px','','','','','','','',0,7,NULL,NULL,0,0,0),(1492,0,0,'','','','','','','','',NULL,'','150px','','','','','','','',0,7,NULL,NULL,0,0,0),(1493,0,0,'','','','','','','','',NULL,'','150px','','','','','','','',0,7,NULL,NULL,0,0,0),(1494,0,0,'','','','','','','','',NULL,'','150px','','','','','','','',0,7,NULL,NULL,0,0,0),(1495,0,0,'','','','','','','','',NULL,'','150px','','','','','','','',0,7,NULL,NULL,0,0,0),(1496,0,0,'','','','','','','','',NULL,'','150px','','','','','','','',0,7,NULL,NULL,0,0,0),(1497,0,0,'','','','','','','','',NULL,'','150px','','','','','','','',0,7,NULL,NULL,0,0,0),(1498,0,0,'','','','','','','','',NULL,'','150px','','','','','','','',0,7,NULL,NULL,0,0,0),(1499,0,0,'','','','','','','','',NULL,'','150px','','','','','','','',0,7,NULL,NULL,0,0,0),(1500,0,0,'','','','','','','','',NULL,'','150px','','','','','','','',0,7,NULL,NULL,0,0,0),(1501,0,0,'','','','','','','','',NULL,'','150px','','','','','','','',0,7,NULL,NULL,0,0,0),(1502,0,0,'','','','','','','','',NULL,'','150px','','','','','','','',0,7,NULL,NULL,0,0,0),(1503,0,0,'','','','','','','','',NULL,'','150px','','','','','','','',0,7,NULL,NULL,0,0,0),(1504,0,0,'','','','','','','','',NULL,'','150px','','','','','','','',0,7,NULL,NULL,0,0,0),(1505,0,0,'','','','','','','','',NULL,'','150px','','','','','','','',0,7,NULL,NULL,0,0,0),(1506,0,0,'','','','','','','','',NULL,'','150px','','','','','','','',0,7,NULL,NULL,0,0,0),(1507,0,0,'','','','','','','','',NULL,'','150px','','','','','','','',0,7,NULL,NULL,0,0,0),(1508,0,0,'','','','','','','','',NULL,'','150px','','','','','','','',0,7,NULL,NULL,0,0,0),(1509,0,0,'','','','','','','','',NULL,'','150px','','','','','','','',0,7,NULL,NULL,0,0,0),(1510,0,0,'','','','','','','','',NULL,'','150px','','','','','','','',0,7,NULL,NULL,0,0,0),(1511,0,0,'','','','','','','','',NULL,'','150px','','','','','','','',0,7,NULL,NULL,0,0,0),(1512,0,0,'','','','','','','','',NULL,'','150px','','','','','','','',0,7,NULL,NULL,0,0,0),(1513,0,0,'','','','','','','','',NULL,'','150px','','','','','','','',0,7,NULL,NULL,0,0,0),(1514,0,0,'','','','','','','','',NULL,'','150px','','','','','','','',0,7,NULL,NULL,0,0,0),(1515,0,0,'','','','','','','','',NULL,'','150px','','','','','','','',0,7,NULL,NULL,0,0,0),(1516,0,0,'','','','','','','','',NULL,'','150px','','','','','','','',0,7,NULL,NULL,0,0,0),(1517,0,0,'','','','','','','','',NULL,'','150px','','','','','','','',0,7,NULL,NULL,0,0,0),(1518,0,0,'','','','','','','','',NULL,'','150px','','','','','','','',0,7,NULL,NULL,0,0,0),(1519,0,0,'','','','','','','','',NULL,'','150px','','','','','','','',0,7,NULL,NULL,0,0,0),(1520,0,0,'','','','','','','','',NULL,'','150px','','','','','','','',0,7,NULL,NULL,0,0,0),(1521,0,0,'','','','','','','','',NULL,'','150px','','','','','','','',0,7,NULL,NULL,0,0,0),(1522,0,0,'','','','','','','','',NULL,'','150px','','','','','','','',0,7,NULL,NULL,0,0,0),(1523,0,0,'','','','','','','','',NULL,'','150px','','','','','','','',0,7,NULL,NULL,0,0,0),(1524,0,0,'','','','','','','','',NULL,'','150px','','','','','','','',0,7,NULL,NULL,0,0,0),(1525,0,0,'','','','','','','','',NULL,'','150px','','','','','','','',0,7,NULL,NULL,0,0,0),(1526,0,0,'','','','','','','','',NULL,'','150px','','','','','','','',0,7,NULL,NULL,0,0,0),(1527,0,0,'','','','','','','','',NULL,'','150px','','','','','','','',0,7,NULL,NULL,0,0,0),(1528,0,0,'','','','','','','','',NULL,'','150px','','','','','','','',0,7,NULL,NULL,0,0,0),(1529,0,0,'','','','','','','','',NULL,'','150px','','','','','','','',0,7,NULL,NULL,0,0,0),(1530,0,0,'','','','','','','','',NULL,'','150px','','','','','','','',0,7,NULL,NULL,0,0,0),(1531,0,0,'','','','','','','','',NULL,'','150px','','','','','','','',0,7,NULL,NULL,0,0,0),(1532,0,0,'','','','','','','','',NULL,'','150px','','','','','','','',0,7,NULL,NULL,0,0,0),(1533,0,0,'','','','','','','','',NULL,'','150px','','','','','','','',0,7,NULL,NULL,0,0,0),(1534,0,0,'','','','','','','','',NULL,'','150px','','','','','','','',0,7,NULL,NULL,0,0,0),(1535,0,0,'','','','','','','','',NULL,'','150px','','','','','','','',0,7,NULL,NULL,0,0,0),(1536,0,0,'','','','','','','','',NULL,'','150px','','','','','','','',0,7,NULL,NULL,0,0,0),(1537,0,0,'','','','','','','','',NULL,'','150px','','','','','','','',0,7,NULL,NULL,0,0,0),(1538,0,0,'','','','','','','','',NULL,'','150px','','','','','','','',0,7,NULL,NULL,0,0,0),(1539,0,0,'','','','','','','','',NULL,'','150px','','','','','','','',0,7,NULL,NULL,0,0,0),(1540,0,0,'','','','','','','','',NULL,'','150px','','','','','','','',0,7,NULL,NULL,0,0,0),(1541,0,0,'','','','','','','','',NULL,'','150px','','','','','','','',0,7,NULL,NULL,0,0,0),(1542,0,0,'','','','','','','','',NULL,'','150px','','','','','','','',0,7,NULL,NULL,0,0,0),(1543,0,0,'','','','','','','','',NULL,'','150px','','','','','','','',0,7,NULL,NULL,0,0,0),(1544,0,0,'','','','','','','','',NULL,'','150px','','','','','','','',0,7,NULL,NULL,0,0,0),(1545,0,0,'','','','','','','','',NULL,'','150px','','','','','','','',0,7,NULL,NULL,0,0,0),(1546,0,0,'','','','','','','','',NULL,'','150px','','','','','','','',0,7,NULL,NULL,0,0,0),(1547,0,0,'','','','','','','','',NULL,'','150px','','','','','','','',0,7,NULL,NULL,0,0,0),(1548,0,0,'','','','','','','','',NULL,'','150px','','','','','','','',0,7,NULL,NULL,0,0,0),(1549,0,0,'','','','','','','','',NULL,'','150px','','','','','','','',0,7,NULL,NULL,0,0,0),(1550,0,0,'','','','','','','','',NULL,'','150px','','','','','','','',0,7,NULL,NULL,0,0,0),(1551,0,0,'','','','','','','','',NULL,'','150px','','','','','','','',0,7,NULL,NULL,0,0,0),(1552,0,0,'','','','','','','','',NULL,'','150px','','','','','','','',0,7,NULL,NULL,0,0,0),(1553,0,0,'','','','','','','','',NULL,'','150px','','','','','','','',0,7,NULL,NULL,0,0,0),(1554,0,0,'','','','','','','','',NULL,'','150px','','','','','','','',0,7,NULL,NULL,0,0,0),(1555,0,0,'','','','','','','','',NULL,'','150px','','','','','','','',0,7,NULL,NULL,0,0,0),(1556,0,0,'','','','','','','','',NULL,'','150px','','','','','','','',0,7,NULL,NULL,0,0,0),(1557,0,0,'','','','','','','','',NULL,'','150px','','','','','','','',0,7,NULL,NULL,0,0,0),(1558,0,0,'','','','','','','','',NULL,'','150px','','','','','','','',0,7,NULL,NULL,0,0,0),(1559,0,0,'','','','','','','','',NULL,'','150px','','','','','','','',0,7,NULL,NULL,0,0,0),(1560,0,0,'','','','','','','','',NULL,'','150px','','','','','','','',0,7,NULL,NULL,0,0,0),(1561,0,0,'','','','','','','','',NULL,'','150px','','','','','','','',0,7,NULL,NULL,0,0,0),(1562,0,0,'','','','','','','','',NULL,'','150px','','','','','','','',0,7,NULL,NULL,0,0,0),(1563,0,0,'','','','','','','','',NULL,'','150px','','','','','','','',0,7,NULL,NULL,0,0,0),(1564,0,0,'','','','','','','','',NULL,'','150px','','','','','','','',0,7,NULL,NULL,0,0,0),(1565,0,0,'','','','','','','','',NULL,'','150px','','','','','','','',0,7,NULL,NULL,0,0,0),(1566,0,0,'','','','','','','','',NULL,'','150px','','','','','','','',0,7,NULL,NULL,0,0,0),(1567,0,0,'','','','','','','','',NULL,'','150px','','','','','','','',0,7,NULL,NULL,0,0,0),(1568,0,0,'','','','','','','','',NULL,'','150px','','','','','','','',0,7,NULL,NULL,0,0,0),(1569,0,0,'','','','','','','','',NULL,'','150px','','','','','','','',0,7,NULL,NULL,0,0,0),(1570,0,0,'','','','','','','','',NULL,'','150px','','','','','','','',0,7,NULL,NULL,0,0,0),(1571,0,0,'','','','','','','','',NULL,'','150px','','','','','','','',0,7,NULL,NULL,0,0,0),(1572,0,0,'','','','','','','','',NULL,'','150px','','','','','','','',0,7,NULL,NULL,0,0,0),(1573,0,0,'','','','','','','','',NULL,'','150px','','','','','','','',0,7,NULL,NULL,0,0,0),(1574,0,0,'','','','','','','','',NULL,'','150px','','','','','','','',0,7,NULL,NULL,0,0,0),(1575,0,0,'','','','','','','','',NULL,'','150px','','','','','','','',0,7,NULL,NULL,0,0,0),(1576,0,0,'','','','','','','','',NULL,'','150px','','','','','','','',0,7,NULL,NULL,0,0,0),(1577,0,0,'','','','','','','','',NULL,'','150px','','','','','','','',0,7,NULL,NULL,0,0,0),(1578,0,0,'','','','','','','','',NULL,'','150px','','','','','','','',0,7,NULL,NULL,0,0,0),(1579,0,0,'','','','','','','','',NULL,'','150px','','','','','','','',0,7,NULL,NULL,0,0,0),(1580,0,0,'','','','','','','','',NULL,'','150px','','','','','','','',0,7,NULL,NULL,0,0,0),(1581,0,0,'','','','','','','','',NULL,'','150px','','','','','','','',0,7,NULL,NULL,0,0,0),(1582,0,0,'','','','','','','','',NULL,'','150px','','','','','','','',0,7,NULL,NULL,0,0,0),(1583,0,0,'','','','','','','','',NULL,'','150px','','','','','','','',0,7,NULL,NULL,0,0,0),(1584,0,0,'','','','','','','','',NULL,'','150px','','','','','','','',0,7,NULL,NULL,0,0,0),(1585,0,0,'','','','','','','','',NULL,'','150px','','','','','','','',0,7,NULL,NULL,0,0,0),(1586,0,0,'','','','','','','','',NULL,'','150px','','','','','','','',0,7,NULL,NULL,0,0,0),(1587,0,0,'','','','','','','','',NULL,'','150px','','','','','','','',0,7,NULL,NULL,0,0,0),(1588,0,0,'','','','','','','','',NULL,'','150px','','','','','','','',0,7,NULL,NULL,0,0,0),(1589,0,0,'','','','','','','','',NULL,'','150px','','','','','','','',0,7,NULL,NULL,0,0,0),(1590,0,0,'','','','','','','','',NULL,'','150px','','','','','','','',0,7,NULL,NULL,0,0,0),(1591,0,0,'','','','','','','','',NULL,'','150px','','','','','','','',0,7,NULL,NULL,0,0,0),(1592,0,0,'','','','','','','','',NULL,'','150px','','','','','','','',0,7,NULL,NULL,0,0,0),(1593,0,0,'','','','','','','','',NULL,'','150px','','','','','','','',0,7,NULL,NULL,0,0,0),(1594,0,0,'','','','','','','','',NULL,'','150px','','','','','','','',0,7,NULL,NULL,0,0,0),(1595,0,0,'','','','','','','','',NULL,'','150px','','','','','','','',0,7,NULL,NULL,0,0,0),(1596,0,0,'','','','','','','','',NULL,'','150px','','','','','','','',0,7,NULL,NULL,0,0,0),(1597,0,0,'','','','','','','','',NULL,'','150px','','','','','','','',0,7,NULL,NULL,0,0,0),(1598,0,0,'','','','','','','','',NULL,'','150px','','','','','','','',0,7,NULL,NULL,0,0,0),(1599,0,0,'','','','','','','','',NULL,'','150px','','','','','','','',0,7,NULL,NULL,0,0,0),(1600,0,0,'','','','','','','','',NULL,'','150px','','','','','','','',0,7,NULL,NULL,0,0,0),(1601,0,0,'','','','','','','','',NULL,'','150px','','','','','','','',0,7,NULL,NULL,0,0,0),(1602,0,0,'','','','','','','','',NULL,'','150px','','','','','','','',0,7,NULL,NULL,0,0,0),(1603,0,0,'','','','','','','','',NULL,'','150px','','','','','','','',0,7,NULL,NULL,0,0,0),(1604,0,0,'','','','','','','','',NULL,'','150px','','','','','','','',0,7,NULL,NULL,0,0,0),(1605,0,0,'','','','','','','','',NULL,'','150px','','','','','','','',0,7,NULL,NULL,0,0,0),(1606,0,0,'','','','','','','','',NULL,'','150px','','','','','','','',0,7,NULL,NULL,0,0,0),(1607,0,0,'','','','','','','','',NULL,'','150px','','','','','','','',0,7,NULL,NULL,0,0,0),(1608,0,0,'','','','','','','','',NULL,'','150px','','','','','','','',0,7,NULL,NULL,0,0,0),(1609,0,0,'','','','','','','','',NULL,'','150px','','','','','','','',0,7,NULL,NULL,0,0,0),(1610,0,0,'','','','','','','','',NULL,'','150px','','','','','','','',0,7,NULL,NULL,0,0,0),(1611,0,0,'','','','','','','','',NULL,'','150px','','','','','','','',0,7,NULL,NULL,0,0,0),(1612,0,0,'','','','','','','','',NULL,'','150px','','','','','','','',0,7,NULL,NULL,0,0,0),(1613,0,0,'','','','','','','','',NULL,'','150px','','','','','','','',0,7,NULL,NULL,0,0,0),(1614,0,0,'','','','','','','','',NULL,'','150px','','','','','','','',0,7,NULL,NULL,0,0,0);
INSERT INTO `StaticList` VALUES (1,'SF','San Francisco','');
INSERT INTO `StaticListItem` VALUES (1,'Human Label','FieldName',1,NULL);

DROP TABLE IF EXISTS SS_System.SystemTables;
CREATE TABLE SS_System.`SystemTables` (
  `SystemTablesID` int(11) NOT NULL AUTO_INCREMENT,
  `SystemTables` varchar(100) DEFAULT NULL,
  `Created` datetime DEFAULT NULL,
  `LastUpdated` timestamp NOT NULL DEFAULT CURRENT_TIMESTAMP ON UPDATE CURRENT_TIMESTAMP,
  PRIMARY KEY (`SystemTablesID`)
) ENGINE=InnoDB AUTO_INCREMENT=3 DEFAULT CHARSET=UTF8;
